uid,js_divergence,kl_divergence,model_distribution,human_distribution,model_counts,human_counts
75259c,0.39581560200335836,22.946931688774455,"[0.4, 0.6, 0.0]","[1.0, 0.0, 0.0]","[2.0, 3.0, 0.0]","[3.0, 0.0, 0.0]"
117089n,0.5487949406953986,29.086074729567102,"[0.75, 0.25, 0.0]","[0.0, 1.0, 0.0]","[3.0, 1.0, 0.0]","[0.0, 3.0, 0.0]"
107252c,0.13792538097002996,9.154506160242205,"[0.0, 0.75, 0.25]","[0.0, 1.0, 0.0]","[0.0, 3.0, 1.0]","[0.0, 4.0, 0.0]"
141321n,0.0,0.0,"[0.0, 0.0, 1.0]","[0.0, 0.0, 1.0]","[0.0, 0.0, 2.0]","[0.0, 0.0, 4.0]"
52854n,0.13019784892915887,0.5533833323704338,"[0.6666666666666666, 0.3333333333333333, 0.0]","[0.25, 0.75, 0.0]","[2.0, 1.0, 0.0]","[1.0, 3.0, 0.0]"
10724n,0.45914791702724483,25.657128925084503,"[0.6666666666666666, 0.3333333333333333, 0.0]","[0.0, 1.0, 0.0]","[4.0, 2.0, 0.0]","[0.0, 4.0, 0.0]"
134514c,0.19087450462110955,12.36941654553447,"[0.3333333333333333, 0.3333333333333333, 0.3333333333333333]","[0.0, 0.5, 0.5]","[2.0, 2.0, 2.0]","[0.0, 1.0, 1.0]"
100349e,0.0060774899785535,0.02368437626195867,"[0.75, 0.25, 0.0]","[0.6666666666666666, 0.3333333333333333, 0.0]","[3.0, 1.0, 0.0]","[2.0, 1.0, 0.0]"
129601e,0.0,0.0,"[1.0, 0.0, 0.0]","[1.0, 0.0, 0.0]","[1.0, 0.0, 0.0]","[3.0, 0.0, 0.0]"
109679n,0.31127812445913294,18.931568569364202,"[0.5, 0.5, 0.0]","[1.0, 0.0, 0.0]","[3.0, 3.0, 0.0]","[3.0, 0.0, 0.0]"
61429c,0.31127812445913294,18.931568569364202,"[0.0, 0.5, 0.5]","[0.0, 1.0, 0.0]","[0.0, 3.0, 3.0]","[0.0, 4.0, 0.0]"
43891n,0.31127812445913294,18.931568569364202,"[0.0, 0.5, 0.5]","[0.0, 1.0, 0.0]","[0.0, 3.0, 3.0]","[0.0, 4.0, 0.0]"
115821n,0.2302921552044523,12.507762378627193,"[0.3333333333333333, 0.3333333333333333, 0.3333333333333333]","[0.25, 0.75, 0.0]","[3.0, 3.0, 3.0]","[1.0, 3.0, 0.0]"
12815n,0.13792538097002996,0.4150374992409149,"[1.0, 0.0, 0.0]","[0.75, 0.25, 0.0]","[3.0, 0.0, 0.0]","[3.0, 1.0, 0.0]"
41975c,0.6099865470109875,30.519559116542396,"[0.6, 0.2, 0.2]","[0.0, 1.0, 0.0]","[3.0, 1.0, 1.0]","[0.0, 4.0, 0.0]"
86331e,0.23645279766002797,14.974304261044496,"[0.6, 0.4, 0.0]","[1.0, 0.0, 0.0]","[3.0, 2.0, 0.0]","[4.0, 0.0, 0.0]"
60732n,0.09543725231055482,6.01804160611943,"[0.5, 0.3333333333333333, 0.16666666666666666]","[0.5, 0.5, 0.0]","[3.0, 2.0, 1.0]","[2.0, 2.0, 0.0]"
124037n,1.0,39.8631371386498,"[1.0, 0.0, 0.0]","[0.0, 1.0, 0.0]","[2.0, 0.0, 0.0]","[0.0, 3.0, 0.0]"
137319n,0.13792538097002996,0.4150374992409149,"[1.0, 0.0, 0.0]","[0.75, 0.25, 0.0]","[3.0, 0.0, 0.0]","[3.0, 1.0, 0.0]"
101525c,0.31127812445913294,18.472420652375092,"[0.3333333333333333, 0.5, 0.16666666666666666]","[0.0, 1.0, 0.0]","[2.0, 3.0, 1.0]","[0.0, 4.0, 0.0]"
130869n,0.19087450462110955,0.5849625006826054,"[0.0, 0.5, 0.5]","[0.3333333333333333, 0.3333333333333333, 0.3333333333333333]","[0.0, 2.0, 2.0]","[1.0, 1.0, 1.0]"
61216c,0.31127812445913294,18.931568569364202,"[0.0, 0.5, 0.5]","[0.0, 0.0, 1.0]","[0.0, 3.0, 3.0]","[0.0, 0.0, 4.0]"
32754e,0.007299156760473896,0.02904940554527255,"[0.6, 0.4, 0.0]","[0.5, 0.5, 0.0]","[3.0, 2.0, 0.0]","[2.0, 2.0, 0.0]"
88605n,0.03485155455967718,0.15097750043219654,"[0.6, 0.4, 0.0]","[0.8, 0.2, 0.0]","[3.0, 2.0, 0.0]","[4.0, 1.0, 0.0]"
112402c,0.17573813336525584,10.582112831881219,"[0.2857142857142857, 0.42857142857142855, 0.2857142857142857]","[0.0, 0.75, 0.25]","[2.0, 3.0, 2.0]","[0.0, 3.0, 1.0]"
138285n,0.1887218755408671,0.7924812503586546,"[0.75, 0.25, 0.0]","[0.25, 0.75, 0.0]","[3.0, 1.0, 0.0]","[1.0, 3.0, 0.0]"
134655c,0.0,0.0,"[0.0, 0.0, 1.0]","[0.0, 0.0, 1.0]","[0.0, 0.0, 2.0]","[0.0, 0.0, 4.0]"
1073c,0.23645279766002797,14.974304261044496,"[0.4, 0.6, 0.0]","[0.0, 1.0, 0.0]","[2.0, 3.0, 0.0]","[0.0, 4.0, 0.0]"
95186n,0.23645279766002797,14.974304261044496,"[0.4, 0.6, 0.0]","[0.0, 1.0, 0.0]","[2.0, 3.0, 0.0]","[0.0, 4.0, 0.0]"
105179c,0.052168417727057485,0.21401190626602168,"[0.0, 0.6, 0.4]","[0.0, 0.3333333333333333, 0.6666666666666666]","[0.0, 3.0, 2.0]","[0.0, 1.0, 2.0]"
91709c,1.0,39.863137138612345,"[1.0, 0.0, 0.0]","[0.0, 0.25, 0.75]","[3.0, 0.0, 0.0]","[0.0, 1.0, 3.0]"
32754n,0.0,0.0,"[1.0, 0.0, 0.0]","[1.0, 0.0, 0.0]","[3.0, 0.0, 0.0]","[3.0, 0.0, 0.0]"
133005n,0.19295733482602193,12.376516525820007,"[0.3333333333333333, 0.5, 0.16666666666666666]","[0.0, 0.8, 0.2]","[2.0, 3.0, 1.0]","[0.0, 4.0, 1.0]"
26495e,0.03935733083375612,0.1576290068224359,"[0.2857142857142857, 0.42857142857142855, 0.2857142857142857]","[0.5, 0.25, 0.25]","[2.0, 3.0, 2.0]","[2.0, 1.0, 1.0]"
14459n,0.39581560200335836,22.946931688774455,"[0.6, 0.4, 0.0]","[0.0, 1.0, 0.0]","[3.0, 2.0, 0.0]","[0.0, 4.0, 0.0]"
12562n,1.0,38.89218654423438,"[0.6, 0.0, 0.4]","[0.0, 1.0, 0.0]","[3.0, 0.0, 2.0]","[0.0, 3.0, 0.0]"
23583e,0.37050650054950524,21.330119872152054,"[0.14285714285714285, 0.42857142857142855, 0.42857142857142855]","[0.0, 0.0, 1.0]","[1.0, 3.0, 3.0]","[0.0, 0.0, 2.0]"
17753n,0.15573702042370294,9.218228035782918,"[0.375, 0.375, 0.25]","[0.3333333333333333, 0.6666666666666666, 0.0]","[3.0, 3.0, 2.0]","[1.0, 2.0, 0.0]"
76947n,0.25,9.569543659520038,"[0.5, 0.25, 0.25]","[0.25, 0.75, 0.0]","[2.0, 1.0, 1.0]","[1.0, 3.0, 0.0]"
82830n,0.2036902733992903,10.679212832705153,"[0.2857142857142857, 0.42857142857142855, 0.2857142857142857]","[0.6666666666666666, 0.3333333333333333, 0.0]","[2.0, 3.0, 2.0]","[2.0, 1.0, 0.0]"
129185n,0.007299156760473896,0.02904940554527255,"[0.4, 0.6, 0.0]","[0.5, 0.5, 0.0]","[2.0, 3.0, 0.0]","[2.0, 2.0, 0.0]"
98561e,0.3112781244591328,18.472420652375092,"[0.5, 0.16666666666666666, 0.3333333333333333]","[1.0, 0.0, 0.0]","[3.0, 1.0, 2.0]","[2.0, 0.0, 0.0]"
16989c,0.25698118924235425,16.09897349485493,"[0.0, 0.5714285714285714, 0.42857142857142855]","[0.0, 1.0, 0.0]","[0.0, 4.0, 3.0]","[0.0, 3.0, 0.0]"
133597n,0.3946905864574077,16.551819923631115,"[0.42857142857142855, 0.14285714285714285, 0.42857142857142855]","[0.0, 0.75, 0.25]","[3.0, 1.0, 3.0]","[0.0, 3.0, 1.0]"
58954c,0.31127812445913294,0.9999999999606944,"[0.0, 0.0, 1.0]","[0.0, 0.5, 0.5]","[0.0, 0.0, 3.0]","[0.0, 2.0, 2.0]"
17660e,0.19087450462110955,0.584962500682742,"[1.0, 0.0, 0.0]","[0.6666666666666666, 0.3333333333333333, 0.0]","[3.0, 0.0, 0.0]","[2.0, 1.0, 0.0]"
16086n,0.2302921552044523,12.507762378627193,"[0.3333333333333333, 0.3333333333333333, 0.3333333333333333]","[0.25, 0.75, 0.0]","[3.0, 3.0, 3.0]","[1.0, 3.0, 0.0]"
7856c,0.45914791702724483,24.99046225845656,"[0.3333333333333333, 0.3333333333333333, 0.3333333333333333]","[0.0, 1.0, 0.0]","[3.0, 3.0, 3.0]","[0.0, 1.0, 0.0]"
28601n,0.31127812445913294,0.9999999999606944,"[1.0, 0.0, 0.0]","[0.5, 0.5, 0.0]","[3.0, 0.0, 0.0]","[1.0, 1.0, 0.0]"
56163c,0.45914791702724483,24.99046225845656,"[0.3333333333333333, 0.3333333333333333, 0.3333333333333333]","[0.0, 1.0, 0.0]","[2.0, 2.0, 2.0]","[0.0, 3.0, 0.0]"
46059c,0.39581560200335836,22.946931688774455,"[0.0, 0.6, 0.4]","[0.0, 0.0, 1.0]","[0.0, 3.0, 2.0]","[0.0, 0.0, 3.0]"
45774c,0.13792538097002996,9.154506160242205,"[0.0, 0.75, 0.25]","[0.0, 1.0, 0.0]","[0.0, 3.0, 1.0]","[0.0, 3.0, 0.0]"
67610c,0.044480677989359146,0.19384281599527206,"[0.42857142857142855, 0.2857142857142857, 0.2857142857142857]","[0.2, 0.4, 0.4]","[3.0, 2.0, 2.0]","[1.0, 2.0, 2.0]"
103559e,0.25,9.46578428466353,"[0.75, 0.25, 0.0]","[0.75, 0.0, 0.25]","[3.0, 1.0, 0.0]","[3.0, 0.0, 1.0]"
46003n,0.092593903166285,0.3950644052558785,"[0.6, 0.4, 0.0]","[0.25, 0.75, 0.0]","[3.0, 2.0, 0.0]","[1.0, 3.0, 0.0]"
114458e,0.31127812445913294,18.931568569364202,"[0.5, 0.5, 0.0]","[1.0, 0.0, 0.0]","[2.0, 2.0, 0.0]","[1.0, 0.0, 0.0]"
79507e,0.34833583088395825,20.749499136916764,"[0.5454545454545454, 0.45454545454545453, 0.0]","[0.0, 1.0, 0.0]","[6.0, 5.0, 0.0]","[0.0, 4.0, 0.0]"
18428n,0.0,0.0,"[0.6, 0.4, 0.0]","[0.6, 0.4, 0.0]","[3.0, 2.0, 0.0]","[3.0, 2.0, 0.0]"
31249e,0.23645279766002797,14.974304261044496,"[0.6, 0.4, 0.0]","[1.0, 0.0, 0.0]","[3.0, 2.0, 0.0]","[4.0, 0.0, 0.0]"
102563n,0.16618856329603307,10.547096760761711,"[0.2857142857142857, 0.42857142857142855, 0.2857142857142857]","[0.0, 0.5, 0.5]","[2.0, 3.0, 2.0]","[0.0, 1.0, 1.0]"
98710n,0.020720839623908173,0.08170416594534055,"[0.3333333333333333, 0.6666666666666666, 0.0]","[0.5, 0.5, 0.0]","[1.0, 2.0, 0.0]","[2.0, 2.0, 0.0]"
53499c,0.418821231072075,23.353182587274766,"[0.25, 0.375, 0.375]","[0.0, 0.0, 1.0]","[2.0, 3.0, 3.0]","[0.0, 0.0, 2.0]"
89995c,0.39581560200335836,22.946931688774455,"[0.0, 0.4, 0.6]","[0.0, 1.0, 0.0]","[0.0, 2.0, 3.0]","[0.0, 1.0, 0.0]"
65066n,0.6099865470109875,30.36858161611012,"[0.4, 0.2, 0.4]","[0.0, 1.0, 0.0]","[2.0, 1.0, 2.0]","[0.0, 4.0, 0.0]"
142604e,0.07862088237983589,0.3355022207986875,"[0.5714285714285714, 0.42857142857142855, 0.0]","[0.25, 0.75, 0.0]","[4.0, 3.0, 0.0]","[1.0, 3.0, 0.0]"
133274n,0.11452470277266567,7.274256808502615,"[0.2, 0.4, 0.4]","[0.0, 0.6, 0.4]","[2.0, 4.0, 4.0]","[0.0, 3.0, 2.0]"
84781c,0.5087256743873155,26.917012677364795,"[0.2857142857142857, 0.2857142857142857, 0.42857142857142855]","[0.0, 1.0, 0.0]","[2.0, 2.0, 3.0]","[0.0, 3.0, 0.0]"
76219n,0.0731040079318099,0.3219280948863831,"[0.5, 0.5, 0.0]","[0.8, 0.2, 0.0]","[2.0, 2.0, 0.0]","[4.0, 1.0, 0.0]"
38156n,1.0,39.8631371386498,"[1.0, 0.0, 0.0]","[0.0, 1.0, 0.0]","[5.0, 0.0, 0.0]","[0.0, 4.0, 0.0]"
23751c,0.31127812445913294,18.472420652375092,"[0.3333333333333333, 0.5, 0.16666666666666666]","[0.0, 1.0, 0.0]","[2.0, 3.0, 1.0]","[0.0, 4.0, 0.0]"
142430c,0.2735033933463556,15.098815510827828,"[0.4, 0.3, 0.3]","[0.0, 0.25, 0.75]","[4.0, 3.0, 3.0]","[0.0, 1.0, 3.0]"
11303n,0.31127812445913294,0.9999999999606944,"[1.0, 0.0, 0.0]","[0.5, 0.5, 0.0]","[3.0, 0.0, 0.0]","[2.0, 2.0, 0.0]"
80808n,0.31127812445913294,18.931568569364202,"[0.5, 0.5, 0.0]","[1.0, 0.0, 0.0]","[3.0, 3.0, 0.0]","[2.0, 0.0, 0.0]"
82415n,0.04879494069539854,0.18872187554045222,"[0.25, 0.75, 0.0]","[0.5, 0.5, 0.0]","[1.0, 3.0, 0.0]","[2.0, 2.0, 0.0]"
134217e,0.2302921552044523,0.7736843762230574,"[0.75, 0.25, 0.0]","[0.3333333333333333, 0.3333333333333333, 0.3333333333333333]","[3.0, 1.0, 0.0]","[0.0, 0.0, 0.0]"
130680e,0.23645279766002797,14.974304261044496,"[0.6, 0.4, 0.0]","[1.0, 0.0, 0.0]","[3.0, 2.0, 0.0]","[4.0, 0.0, 0.0]"
33822e,0.04879494069539854,0.18872187554045222,"[0.75, 0.25, 0.0]","[0.5, 0.5, 0.0]","[3.0, 1.0, 0.0]","[1.0, 1.0, 0.0]"
1735n,0.5087256743873155,26.9170126773648,"[0.42857142857142855, 0.2857142857142857, 0.2857142857142857]","[0.0, 0.0, 1.0]","[3.0, 2.0, 2.0]","[0.0, 0.0, 4.0]"
133243e,0.25698118924235414,16.098973494854743,"[0.42857142857142855, 0.2857142857142857, 0.2857142857142857]","[0.0, 0.5, 0.5]","[3.0, 2.0, 2.0]","[0.0, 2.0, 2.0]"
34043c,0.31127812445913294,18.931568569364202,"[0.5, 0.5, 0.0]","[0.0, 1.0, 0.0]","[3.0, 3.0, 0.0]","[0.0, 3.0, 0.0]"
74509n,0.19087450462110955,12.369416545534575,"[0.6666666666666666, 0.3333333333333333, 0.0]","[1.0, 0.0, 0.0]","[2.0, 1.0, 0.0]","[4.0, 0.0, 0.0]"
102857n,0.0,0.0,"[1.0, 0.0, 0.0]","[1.0, 0.0, 0.0]","[3.0, 0.0, 0.0]","[2.0, 0.0, 0.0]"
61818n,0.2302921552044523,12.507762378627193,"[0.3333333333333333, 0.3333333333333333, 0.3333333333333333]","[0.25, 0.75, 0.0]","[2.0, 2.0, 2.0]","[1.0, 3.0, 0.0]"
70711c,0.20751874963942185,12.426058212681838,"[0.3333333333333333, 0.3333333333333333, 0.3333333333333333]","[0.0, 0.3333333333333333, 0.6666666666666666]","[2.0, 2.0, 2.0]","[0.0, 1.0, 2.0]"
38475c,0.22460175271458138,14.012398302573555,"[0.375, 0.25, 0.375]","[0.0, 0.5, 0.5]","[3.0, 2.0, 3.0]","[0.0, 1.0, 1.0]"
73518n,0.01862176307426532,0.07807190511241671,"[0.0, 0.6, 0.4]","[0.0, 0.75, 0.25]","[0.0, 3.0, 2.0]","[0.0, 3.0, 1.0]"
19578n,0.37519620693013067,19.09253261677048,"[0.5, 0.5, 0.0]","[0.0, 0.8, 0.2]","[3.0, 3.0, 0.0]","[0.0, 4.0, 1.0]"
80930n,0.052168417727057485,0.21401190626602168,"[0.6, 0.4, 0.0]","[0.3333333333333333, 0.6666666666666666, 0.0]","[3.0, 2.0, 0.0]","[1.0, 2.0, 0.0]"
11534n,0.5487949406953986,29.086074729567102,"[0.75, 0.25, 0.0]","[0.0, 1.0, 0.0]","[3.0, 1.0, 0.0]","[0.0, 3.0, 0.0]"
142643c,0.31127812445913294,18.931568569364202,"[0.0, 0.5, 0.5]","[0.0, 0.0, 1.0]","[0.0, 3.0, 3.0]","[0.0, 0.0, 4.0]"
73840n,0.13628933528330991,6.17217702338675,"[0.5, 0.3333333333333333, 0.16666666666666666]","[0.3333333333333333, 0.6666666666666666, 0.0]","[3.0, 2.0, 1.0]","[1.0, 2.0, 0.0]"
84055n,0.31127812445913294,18.931568569364202,"[0.0, 0.5, 0.5]","[0.0, 1.0, 0.0]","[0.0, 3.0, 3.0]","[0.0, 2.0, 0.0]"
117177n,0.020720839623908173,0.08496250072096553,"[0.5, 0.5, 0.0]","[0.3333333333333333, 0.6666666666666666, 0.0]","[3.0, 3.0, 0.0]","[1.0, 2.0, 0.0]"
26372n,1.0,39.8631371386498,"[1.0, 0.0, 0.0]","[0.0, 1.0, 0.0]","[3.0, 0.0, 0.0]","[0.0, 3.0, 0.0]"
23280n,0.6548575458269755,31.760133031925022,"[0.5, 0.16666666666666666, 0.3333333333333333]","[0.0, 1.0, 0.0]","[3.0, 1.0, 2.0]","[0.0, 4.0, 0.0]"
3545n,0.04879494069539854,0.20751874963887507,"[0.0, 0.5, 0.5]","[0.0, 0.75, 0.25]","[0.0, 3.0, 3.0]","[0.0, 3.0, 1.0]"
105769c,0.31127812445913294,18.931568569364202,"[0.0, 0.5, 0.5]","[0.0, 0.0, 1.0]","[0.0, 2.0, 2.0]","[0.0, 0.0, 4.0]"
141110n,1.0,39.8631371386498,"[1.0, 0.0, 0.0]","[0.0, 1.0, 0.0]","[3.0, 0.0, 0.0]","[0.0, 3.0, 0.0]"
130928n,0.1887218755408671,0.7924812503586546,"[0.75, 0.25, 0.0]","[0.25, 0.75, 0.0]","[3.0, 1.0, 0.0]","[1.0, 3.0, 0.0]"
49237c,0.13792538097002996,9.154506160242205,"[0.0, 0.25, 0.75]","[0.0, 0.0, 1.0]","[0.0, 1.0, 3.0]","[0.0, 0.0, 4.0]"
125700e,0.45914791702724483,24.99046225845656,"[0.3333333333333333, 0.3333333333333333, 0.3333333333333333]","[1.0, 0.0, 0.0]","[2.0, 2.0, 2.0]","[4.0, 0.0, 0.0]"
139836n,0.23645279766002797,14.974304261044496,"[0.6, 0.4, 0.0]","[1.0, 0.0, 0.0]","[3.0, 2.0, 0.0]","[3.0, 0.0, 0.0]"
144408n,0.08170416594551039,0.333333333332612,"[0.0, 0.6666666666666666, 0.3333333333333333]","[0.0, 0.3333333333333333, 0.6666666666666666]","[0.0, 2.0, 1.0]","[0.0, 1.0, 2.0]"
132516n,0.5487949406953986,29.086074729567102,"[0.75, 0.25, 0.0]","[0.0, 1.0, 0.0]","[3.0, 1.0, 0.0]","[0.0, 4.0, 0.0]"
15771c,1.0,38.8631371386891,"[0.5, 0.5, 0.0]","[0.0, 0.0, 1.0]","[2.0, 2.0, 0.0]","[0.0, 0.0, 4.0]"
85279n,0.39581560200335836,22.946931688774455,"[0.6, 0.4, 0.0]","[0.0, 1.0, 0.0]","[3.0, 2.0, 0.0]","[0.0, 4.0, 0.0]"
73191n,0.052168417727057485,0.21401190626602168,"[0.6, 0.4, 0.0]","[0.3333333333333333, 0.6666666666666666, 0.0]","[3.0, 2.0, 0.0]","[1.0, 2.0, 0.0]"
73444n,0.007299156760473896,0.02904940554527255,"[0.6, 0.4, 0.0]","[0.5, 0.5, 0.0]","[3.0, 2.0, 0.0]","[1.0, 1.0, 0.0]"
44747n,0.31127812445913294,0.9999999999606944,"[0.0, 1.0, 0.0]","[0.0, 0.5, 0.5]","[0.0, 3.0, 0.0]","[0.0, 2.0, 2.0]"
19c,0.04879494069539854,0.20751874963887507,"[0.0, 0.5, 0.5]","[0.0, 0.75, 0.25]","[0.0, 3.0, 3.0]","[0.0, 3.0, 1.0]"
45306n,1.0,38.8631371386891,"[0.5, 0.0, 0.5]","[0.0, 1.0, 0.0]","[3.0, 0.0, 3.0]","[0.0, 4.0, 0.0]"
58357c,0.5487949406953986,28.33607472960599,"[0.375, 0.25, 0.375]","[0.0, 1.0, 0.0]","[3.0, 2.0, 3.0]","[0.0, 2.0, 0.0]"
11971n,0.13792538097002996,9.154506160242152,"[0.375, 0.375, 0.25]","[0.5, 0.5, 0.0]","[3.0, 3.0, 2.0]","[2.0, 2.0, 0.0]"
77299n,0.052168417727057485,0.21401190626602168,"[0.6, 0.4, 0.0]","[0.3333333333333333, 0.6666666666666666, 0.0]","[3.0, 2.0, 0.0]","[1.0, 2.0, 0.0]"
11362e,0.6000000000000001,23.47570292669073,"[0.6, 0.4, 0.0]","[0.0, 0.4, 0.6]","[3.0, 2.0, 0.0]","[0.0, 2.0, 3.0]"
20181n,0.418821231072075,23.353182587274766,"[0.375, 0.375, 0.25]","[0.0, 1.0, 0.0]","[3.0, 3.0, 2.0]","[0.0, 4.0, 0.0]"
103364n,0.23645279766002797,0.7369655940908993,"[1.0, 0.0, 0.0]","[0.6, 0.2, 0.2]","[3.0, 0.0, 0.0]","[3.0, 1.0, 1.0]"
38477c,1.0,39.05185901422955,"[0.25, 0.75, 0.0]","[0.0, 0.0, 1.0]","[1.0, 3.0, 0.0]","[0.0, 0.0, 3.0]"
50484c,0.31127812445913294,18.931568569364202,"[0.0, 0.5, 0.5]","[0.0, 0.0, 1.0]","[0.0, 3.0, 3.0]","[0.0, 0.0, 4.0]"
6105e,0.22558183280336616,9.395952231370236,"[0.75, 0.25, 0.0]","[0.8, 0.0, 0.2]","[3.0, 1.0, 0.0]","[4.0, 0.0, 1.0]"
108027n,0.418821231072075,23.353182587274766,"[0.25, 0.375, 0.375]","[0.0, 1.0, 0.0]","[2.0, 3.0, 3.0]","[0.0, 4.0, 0.0]"
9557e,0.6548575458269755,31.760133031925022,"[0.5, 0.3333333333333333, 0.16666666666666666]","[0.0, 0.0, 1.0]","[3.0, 2.0, 1.0]","[0.0, 0.0, 2.0]"
19668c,0.37050650054950524,21.330119872152054,"[0.42857142857142855, 0.14285714285714285, 0.42857142857142855]","[0.0, 0.0, 1.0]","[3.0, 1.0, 3.0]","[0.0, 0.0, 3.0]"
83247e,0.09195025398001994,6.0055103567204435,"[0.5, 0.3333333333333333, 0.16666666666666666]","[0.6666666666666666, 0.3333333333333333, 0.0]","[3.0, 2.0, 1.0]","[2.0, 1.0, 0.0]"
9393n,0.31127812445913294,18.931568569364202,"[0.0, 0.5, 0.5]","[0.0, 1.0, 0.0]","[0.0, 3.0, 3.0]","[0.0, 3.0, 0.0]"
57454c,0.5487949406953986,28.33607472960599,"[0.375, 0.25, 0.375]","[0.0, 1.0, 0.0]","[3.0, 2.0, 3.0]","[0.0, 2.0, 0.0]"
23901e,0.10803154614560004,7.250699332881225,"[0.4, 0.4, 0.2]","[0.5, 0.5, 0.0]","[2.0, 2.0, 1.0]","[2.0, 2.0, 0.0]"
111693e,0.15573702042370294,9.218228035782918,"[0.25, 0.375, 0.375]","[0.0, 0.6666666666666666, 0.3333333333333333]","[2.0, 3.0, 3.0]","[0.0, 2.0, 1.0]"
87332c,0.23645279766002797,14.974304261044496,"[0.0, 0.6, 0.4]","[0.0, 1.0, 0.0]","[0.0, 3.0, 2.0]","[0.0, 3.0, 0.0]"
21340n,0.39581560200335836,22.946931688774455,"[0.6, 0.4, 0.0]","[0.0, 1.0, 0.0]","[3.0, 2.0, 0.0]","[0.0, 3.0, 0.0]"
19921n,0.09543725231055482,6.01804160611943,"[0.3333333333333333, 0.5, 0.16666666666666666]","[0.5, 0.5, 0.0]","[2.0, 3.0, 1.0]","[1.0, 1.0, 0.0]"
83900e,0.01652877747024119,0.06303440583358322,"[0.4, 0.4, 0.2]","[0.3333333333333333, 0.3333333333333333, 0.3333333333333333]","[2.0, 2.0, 1.0]","[1.0, 1.0, 1.0]"
72721e,1.0,38.8631371386891,"[0.5, 0.5, 0.0]","[0.0, 0.0, 1.0]","[2.0, 2.0, 0.0]","[0.0, 0.0, 2.0]"
131623c,0.6893917467430878,32.71958762605199,"[0.42857142857142855, 0.14285714285714285, 0.42857142857142855]","[0.0, 1.0, 0.0]","[3.0, 1.0, 3.0]","[0.0, 3.0, 0.0]"
54458n,0.31127812445913294,18.931568569364202,"[0.5, 0.5, 0.0]","[1.0, 0.0, 0.0]","[2.0, 2.0, 0.0]","[4.0, 0.0, 0.0]"
63218n,0.37050650054950524,21.330119872152054,"[0.42857142857142855, 0.42857142857142855, 0.14285714285714285]","[0.0, 1.0, 0.0]","[3.0, 3.0, 1.0]","[0.0, 4.0, 0.0]"
91650n,0.19087450462110955,12.369416545534575,"[0.6666666666666666, 0.0, 0.3333333333333333]","[1.0, 0.0, 0.0]","[2.0, 0.0, 1.0]","[3.0, 0.0, 0.0]"
24163e,0.04879494069539854,0.20751874963887507,"[0.5, 0.5, 0.0]","[0.25, 0.75, 0.0]","[2.0, 2.0, 0.0]","[1.0, 3.0, 0.0]"
42388e,0.0,0.0,"[0.5, 0.5, 0.0]","[0.5, 0.5, 0.0]","[2.0, 2.0, 0.0]","[2.0, 2.0, 0.0]"
112349c,0.31127812445913294,18.931568569364202,"[0.0, 0.5, 0.5]","[0.0, 0.0, 1.0]","[0.0, 3.0, 3.0]","[0.0, 0.0, 3.0]"
38527n,0.0060774899785535,0.025062498797997407,"[0.6666666666666666, 0.3333333333333333, 0.0]","[0.75, 0.25, 0.0]","[2.0, 1.0, 0.0]","[3.0, 1.0, 0.0]"
15537n,0.5487949406953986,29.086074729567102,"[0.75, 0.25, 0.0]","[0.0, 1.0, 0.0]","[3.0, 1.0, 0.0]","[0.0, 3.0, 0.0]"
126486n,0.0060774899785535,0.02368437626195867,"[0.75, 0.25, 0.0]","[0.6666666666666666, 0.3333333333333333, 0.0]","[3.0, 1.0, 0.0]","[2.0, 1.0, 0.0]"
121910e,0.23645279766002808,14.974304261044336,"[0.4, 0.2, 0.4]","[0.6666666666666666, 0.3333333333333333, 0.0]","[2.0, 1.0, 2.0]","[2.0, 1.0, 0.0]"
83657c,0.1134170394342197,7.269646833890743,"[0.2, 0.6, 0.2]","[0.0, 0.6666666666666666, 0.3333333333333333]","[1.0, 3.0, 1.0]","[0.0, 2.0, 1.0]"
21957n,0.39581560200335836,22.946931688774455,"[0.6, 0.4, 0.0]","[0.0, 1.0, 0.0]","[3.0, 2.0, 0.0]","[0.0, 3.0, 0.0]"
118999n,0.5487949406953986,29.086074729567102,"[0.75, 0.25, 0.0]","[0.0, 1.0, 0.0]","[3.0, 1.0, 0.0]","[0.0, 3.0, 0.0]"
77654e,0.45914791702724483,25.657128925084503,"[0.6666666666666666, 0.3333333333333333, 0.0]","[0.0, 1.0, 0.0]","[2.0, 1.0, 0.0]","[0.0, 1.0, 0.0]"
77875e,1.0,39.8631371386498,"[1.0, 0.0, 0.0]","[0.0, 1.0, 0.0]","[3.0, 0.0, 0.0]","[0.0, 4.0, 0.0]"
123891c,0.45328338368767385,19.30005136640902,"[0.0, 0.5, 0.5]","[0.4, 0.6, 0.0]","[0.0, 2.0, 2.0]","[2.0, 3.0, 0.0]"
50480n,0.5487949406953986,29.086074729567102,"[0.75, 0.25, 0.0]","[0.0, 1.0, 0.0]","[3.0, 1.0, 0.0]","[0.0, 2.0, 0.0]"
115247c,0.14418807159928104,9.176591293637209,"[0.25, 0.375, 0.375]","[0.0, 0.6, 0.4]","[2.0, 3.0, 3.0]","[0.0, 3.0, 2.0]"
127410n,0.04879494069539854,0.18872187554031578,"[0.25, 0.375, 0.375]","[0.5, 0.25, 0.25]","[2.0, 3.0, 3.0]","[2.0, 1.0, 1.0]"
123751n,0.1967221417454881,0.6140119062278779,"[0.6, 0.0, 0.4]","[0.3333333333333333, 0.3333333333333333, 0.3333333333333333]","[3.0, 0.0, 2.0]","[1.0, 1.0, 1.0]"
76037n,0.39581560200335836,22.946931688774455,"[0.6, 0.4, 0.0]","[0.0, 1.0, 0.0]","[3.0, 2.0, 0.0]","[0.0, 2.0, 0.0]"
7449e,0.45914791702724483,25.657128925084503,"[0.6666666666666666, 0.3333333333333333, 0.0]","[0.0, 1.0, 0.0]","[2.0, 1.0, 0.0]","[0.0, 3.0, 0.0]"
65879c,0.31127812445913294,18.931568569364202,"[0.0, 0.5, 0.5]","[0.0, 0.0, 1.0]","[0.0, 3.0, 3.0]","[0.0, 0.0, 4.0]"
48454c,0.45914791702724483,25.657128925084503,"[0.6666666666666666, 0.3333333333333333, 0.0]","[0.0, 1.0, 0.0]","[2.0, 1.0, 0.0]","[0.0, 4.0, 0.0]"
51353c,1.0,38.94484130463444,"[0.6666666666666666, 0.3333333333333333, 0.0]","[0.0, 0.0, 1.0]","[2.0, 1.0, 0.0]","[0.0, 0.0, 3.0]"
3476n,1.0,39.8631371386498,"[1.0, 0.0, 0.0]","[0.0, 1.0, 0.0]","[3.0, 0.0, 0.0]","[0.0, 4.0, 0.0]"
143789n,0.5487949406953986,1.9999999999209461,"[1.0, 0.0, 0.0]","[0.25, 0.25, 0.5]","[3.0, 0.0, 0.0]","[1.0, 1.0, 2.0]"
122645n,0.6099865470109875,30.36858161611012,"[0.4, 0.2, 0.4]","[0.0, 1.0, 0.0]","[2.0, 1.0, 2.0]","[0.0, 3.0, 0.0]"
52761e,0.13019784892915887,0.5533833323704338,"[0.6666666666666666, 0.3333333333333333, 0.0]","[0.25, 0.75, 0.0]","[2.0, 1.0, 0.0]","[1.0, 3.0, 0.0]"
112547n,0.31127812445913294,18.931568569364202,"[0.5, 0.5, 0.0]","[0.0, 1.0, 0.0]","[3.0, 3.0, 0.0]","[0.0, 3.0, 0.0]"
90548e,0.23645279766002797,14.974304261044496,"[0.6, 0.4, 0.0]","[1.0, 0.0, 0.0]","[3.0, 2.0, 0.0]","[4.0, 0.0, 0.0]"
113039e,0.31127812445913294,0.9999999999606944,"[1.0, 0.0, 0.0]","[0.5, 0.5, 0.0]","[3.0, 0.0, 0.0]","[2.0, 2.0, 0.0]"
19803e,0.0025897193397661712,0.01064997042818766,"[0.75, 0.25, 0.0]","[0.8, 0.2, 0.0]","[3.0, 1.0, 0.0]","[4.0, 1.0, 0.0]"
109278n,0.37050650054950524,21.22227880041483,"[0.2857142857142857, 0.2857142857142857, 0.42857142857142855]","[0.0, 0.0, 1.0]","[2.0, 2.0, 3.0]","[0.0, 0.0, 3.0]"
36811c,0.31127812445913294,18.931568569364202,"[0.0, 0.5, 0.5]","[0.0, 1.0, 0.0]","[0.0, 3.0, 3.0]","[0.0, 4.0, 0.0]"
101253c,0.3112781244591328,18.931568569363925,"[0.5, 0.25, 0.25]","[0.0, 0.5, 0.5]","[2.0, 1.0, 1.0]","[0.0, 2.0, 2.0]"
34776c,0.37050650054950524,21.22227880041483,"[0.2857142857142857, 0.42857142857142855, 0.2857142857142857]","[0.0, 1.0, 0.0]","[2.0, 3.0, 2.0]","[0.0, 3.0, 0.0]"
14126e,0.23645279766002797,14.974304261044496,"[0.4, 0.6, 0.0]","[0.0, 1.0, 0.0]","[2.0, 3.0, 0.0]","[0.0, 1.0, 0.0]"
100136e,0.34833583088395825,20.394941452418884,"[0.45454545454545453, 0.09090909090909091, 0.45454545454545453]","[1.0, 0.0, 0.0]","[5.0, 1.0, 5.0]","[3.0, 0.0, 0.0]"
67836n,0.418821231072075,23.353182587274766,"[0.375, 0.375, 0.25]","[0.0, 1.0, 0.0]","[3.0, 3.0, 2.0]","[0.0, 2.0, 0.0]"
49807n,0.1408814871527392,9.164749105506177,"[0.25, 0.5, 0.25]","[0.4, 0.6, 0.0]","[1.0, 2.0, 1.0]","[2.0, 3.0, 0.0]"
132539e,0.27213631281624084,16.147523495266796,"[0.2857142857142857, 0.42857142857142855, 0.2857142857142857]","[0.3333333333333333, 0.0, 0.6666666666666666]","[2.0, 3.0, 2.0]","[1.0, 0.0, 2.0]"
96946n,0.0060774899785535,0.02368437626195867,"[0.75, 0.25, 0.0]","[0.6666666666666666, 0.3333333333333333, 0.0]","[3.0, 1.0, 0.0]","[2.0, 1.0, 0.0]"
28507n,0.31127812445913294,18.472420652375092,"[0.5, 0.3333333333333333, 0.16666666666666666]","[1.0, 0.0, 0.0]","[3.0, 2.0, 1.0]","[4.0, 0.0, 0.0]"
47260n,0.13792538097002996,9.154506160242205,"[0.0, 0.75, 0.25]","[0.0, 1.0, 0.0]","[0.0, 3.0, 1.0]","[0.0, 4.0, 0.0]"
135898c,0.6099865470109875,30.36858161611012,"[0.4, 0.2, 0.4]","[0.0, 1.0, 0.0]","[2.0, 1.0, 2.0]","[0.0, 2.0, 0.0]"
13133n,1.0,39.8631371386498,"[1.0, 0.0, 0.0]","[0.0, 1.0, 0.0]","[3.0, 0.0, 0.0]","[0.0, 4.0, 0.0]"
81356e,0.018621763074265385,0.07807190511238349,"[0.4, 0.2, 0.4]","[0.25, 0.25, 0.5]","[2.0, 1.0, 2.0]","[1.0, 1.0, 2.0]"
68946c,0.04879494069539854,0.20751874963887507,"[0.0, 0.5, 0.5]","[0.0, 0.75, 0.25]","[0.0, 3.0, 3.0]","[0.0, 3.0, 1.0]"
138530e,0.0,0.0,"[0.6666666666666666, 0.3333333333333333, 0.0]","[0.6666666666666666, 0.3333333333333333, 0.0]","[2.0, 1.0, 0.0]","[2.0, 1.0, 0.0]"
77590c,0.39581560200335836,22.946931688774455,"[0.6, 0.4, 0.0]","[0.0, 1.0, 0.0]","[3.0, 2.0, 0.0]","[0.0, 3.0, 0.0]"
45605n,0.23645279766002797,14.974304261044496,"[0.4, 0.6, 0.0]","[0.0, 1.0, 0.0]","[2.0, 3.0, 0.0]","[0.0, 4.0, 0.0]"
17576n,0.31127812445913294,18.931568569364202,"[0.0, 0.5, 0.5]","[0.0, 1.0, 0.0]","[0.0, 2.0, 2.0]","[0.0, 2.0, 0.0]"
91601n,0.39581560200335836,22.946931688774455,"[0.6, 0.4, 0.0]","[0.0, 1.0, 0.0]","[3.0, 2.0, 0.0]","[0.0, 3.0, 0.0]"
113193n,1.0,39.8631371386498,"[1.0, 0.0, 0.0]","[0.0, 1.0, 0.0]","[3.0, 0.0, 0.0]","[0.0, 3.0, 0.0]"
23642n,0.31127812445913294,18.931568569364202,"[0.5, 0.5, 0.0]","[0.0, 1.0, 0.0]","[3.0, 3.0, 0.0]","[0.0, 4.0, 0.0]"
58557e,0.6355222557917826,23.58091668902407,"[0.6, 0.0, 0.4]","[0.0, 0.6666666666666666, 0.3333333333333333]","[3.0, 0.0, 2.0]","[0.0, 2.0, 1.0]"
119768n,0.23645279766002797,14.974304261044496,"[0.4, 0.6, 0.0]","[0.0, 1.0, 0.0]","[2.0, 3.0, 0.0]","[0.0, 3.0, 0.0]"
99791n,0.04879494069539854,0.20751874963887507,"[0.5, 0.5, 0.0]","[0.25, 0.75, 0.0]","[2.0, 2.0, 0.0]","[1.0, 3.0, 0.0]"
53866e,1.0,39.8631371386498,"[1.0, 0.0, 0.0]","[0.0, 1.0, 0.0]","[3.0, 0.0, 0.0]","[0.0, 3.0, 0.0]"
102817c,0.5487949406953986,28.33607472960599,"[0.375, 0.25, 0.375]","[0.0, 1.0, 0.0]","[3.0, 2.0, 3.0]","[0.0, 2.0, 0.0]"
49396e,0.003455029339326271,0.014011906266454446,"[0.4, 0.6, 0.0]","[0.3333333333333333, 0.6666666666666666, 0.0]","[2.0, 3.0, 0.0]","[1.0, 2.0, 0.0]"
140782c,0.31127812445913294,18.931568569364202,"[0.0, 0.5, 0.5]","[0.0, 0.0, 1.0]","[0.0, 3.0, 3.0]","[0.0, 0.0, 4.0]"
35700c,0.31127812445913294,18.931568569364202,"[0.5, 0.0, 0.5]","[0.0, 0.0, 1.0]","[3.0, 0.0, 3.0]","[0.0, 0.0, 2.0]"
8219n,0.418821231072075,23.353182587274766,"[0.375, 0.375, 0.25]","[0.0, 1.0, 0.0]","[3.0, 3.0, 2.0]","[0.0, 2.0, 0.0]"
117576e,0.15573702042370294,9.218228035782918,"[0.375, 0.375, 0.25]","[0.6666666666666666, 0.3333333333333333, 0.0]","[3.0, 3.0, 2.0]","[2.0, 1.0, 0.0]"
24103n,0.418821231072075,23.353182587274766,"[0.375, 0.375, 0.25]","[0.0, 1.0, 0.0]","[3.0, 3.0, 2.0]","[0.0, 2.0, 0.0]"
120896n,0.39581560200335836,22.39595418838016,"[0.4, 0.4, 0.2]","[1.0, 0.0, 0.0]","[2.0, 2.0, 1.0]","[3.0, 0.0, 0.0]"
23280e,0.34212144589500565,12.897737379106909,"[0.5, 0.16666666666666666, 0.3333333333333333]","[0.25, 0.75, 0.0]","[3.0, 1.0, 2.0]","[1.0, 3.0, 0.0]"
123027n,0.0,0.0,"[0.6666666666666666, 0.3333333333333333, 0.0]","[0.6666666666666666, 0.3333333333333333, 0.0]","[2.0, 1.0, 0.0]","[2.0, 1.0, 0.0]"
139635n,0.020720839623908173,0.08496250072096553,"[0.5, 0.5, 0.0]","[0.3333333333333333, 0.6666666666666666, 0.0]","[3.0, 3.0, 0.0]","[1.0, 2.0, 0.0]"
88050c,0.31127812445913294,18.931568569364202,"[0.0, 0.5, 0.5]","[0.0, 0.0, 1.0]","[0.0, 2.0, 2.0]","[0.0, 0.0, 4.0]"
125013e,0.31127812445913294,18.931568569364202,"[0.5, 0.5, 0.0]","[1.0, 0.0, 0.0]","[2.0, 2.0, 0.0]","[4.0, 0.0, 0.0]"
134356n,0.04879494069539854,0.20751874963887507,"[0.5, 0.5, 0.0]","[0.75, 0.25, 0.0]","[2.0, 2.0, 0.0]","[3.0, 1.0, 0.0]"
100895c,0.21899525866266337,13.99424242410792,"[0.375, 0.625, 0.0]","[0.0, 1.0, 0.0]","[3.0, 5.0, 0.0]","[0.0, 2.0, 0.0]"
13964e,0.08170416594551039,0.333333333332612,"[0.6666666666666666, 0.3333333333333333, 0.0]","[0.3333333333333333, 0.6666666666666666, 0.0]","[2.0, 1.0, 0.0]","[1.0, 2.0, 0.0]"
56743e,0.39581560200335836,22.946931688774455,"[0.6, 0.4, 0.0]","[0.0, 1.0, 0.0]","[3.0, 2.0, 0.0]","[0.0, 4.0, 0.0]"
28456n,0.0,0.0,"[0.0, 0.6, 0.4]","[0.0, 0.6, 0.4]","[0.0, 3.0, 2.0]","[0.0, 3.0, 2.0]"
135021n,0.5087256743873155,26.917012677364795,"[0.42857142857142855, 0.2857142857142857, 0.2857142857142857]","[0.0, 1.0, 0.0]","[3.0, 2.0, 2.0]","[0.0, 1.0, 0.0]"
99708e,0.13792538097002996,0.4150374992409149,"[1.0, 0.0, 0.0]","[0.75, 0.25, 0.0]","[3.0, 0.0, 0.0]","[3.0, 1.0, 0.0]"
79106e,0.006949897932761361,0.028305793258251083,"[0.2857142857142857, 0.42857142857142855, 0.2857142857142857]","[0.3333333333333333, 0.3333333333333333, 0.3333333333333333]","[2.0, 3.0, 2.0]","[1.0, 1.0, 1.0]"
124590c,0.13792538097002996,9.154506160242205,"[0.0, 0.25, 0.75]","[0.0, 0.0, 1.0]","[0.0, 1.0, 3.0]","[0.0, 0.0, 4.0]"
5193n,0.0,0.0,"[1.0, 0.0, 0.0]","[1.0, 0.0, 0.0]","[3.0, 0.0, 0.0]","[4.0, 0.0, 0.0]"
123748n,0.04879494069539854,0.20751874963887507,"[0.5, 0.5, 0.0]","[0.75, 0.25, 0.0]","[2.0, 2.0, 0.0]","[3.0, 1.0, 0.0]"
31775c,0.37050650054950524,21.22227880041483,"[0.2857142857142857, 0.42857142857142855, 0.2857142857142857]","[0.0, 1.0, 0.0]","[2.0, 3.0, 2.0]","[0.0, 2.0, 0.0]"
111338c,0.04879494069539854,0.20751874963887507,"[0.0, 0.5, 0.5]","[0.0, 0.25, 0.75]","[0.0, 2.0, 2.0]","[0.0, 1.0, 3.0]"
66689c,0.31127812445913294,18.931568569364202,"[0.0, 0.5, 0.5]","[0.0, 0.0, 1.0]","[0.0, 2.0, 2.0]","[0.0, 0.0, 3.0]"
142729c,0.45914791702724483,24.99046225845656,"[0.3333333333333333, 0.3333333333333333, 0.3333333333333333]","[0.0, 0.0, 1.0]","[2.0, 2.0, 2.0]","[0.0, 0.0, 4.0]"
136752n,0.39581560200335836,22.39595418838016,"[0.4, 0.4, 0.2]","[0.0, 1.0, 0.0]","[2.0, 2.0, 1.0]","[0.0, 3.0, 0.0]"
121910c,0.3112781244591328,18.931568569363925,"[0.5, 0.25, 0.25]","[0.0, 0.5, 0.5]","[2.0, 1.0, 1.0]","[0.0, 2.0, 2.0]"
105196n,0.0,0.0,"[0.5, 0.5, 0.0]","[0.5, 0.5, 0.0]","[2.0, 2.0, 0.0]","[2.0, 2.0, 0.0]"
65199n,0.5487949406953986,28.33607472960599,"[0.375, 0.25, 0.375]","[0.0, 1.0, 0.0]","[3.0, 2.0, 3.0]","[0.0, 3.0, 0.0]"
97520e,0.31127812445913294,0.9999999999606944,"[1.0, 0.0, 0.0]","[0.5, 0.5, 0.0]","[3.0, 0.0, 0.0]","[2.0, 2.0, 0.0]"
121360c,1.0,38.8631371386891,"[0.5, 0.0, 0.5]","[0.0, 1.0, 0.0]","[3.0, 0.0, 3.0]","[0.0, 2.0, 0.0]"
109876n,0.6556390622295666,29.336074729528878,"[0.75, 0.25, 0.0]","[0.0, 0.5, 0.5]","[3.0, 1.0, 0.0]","[0.0, 2.0, 2.0]"
76020e,0.6125474873813833,13.702749878827577,"[0.6666666666666666, 0.3333333333333333, 0.0]","[0.25, 0.0, 0.75]","[2.0, 1.0, 0.0]","[1.0, 0.0, 3.0]"
43094c,0.31127812445913294,0.9999999999606944,"[0.0, 1.0, 0.0]","[0.0, 0.5, 0.5]","[0.0, 3.0, 0.0]","[0.0, 2.0, 2.0]"
98844n,0.15563906222956644,0.49999999996169414,"[0.5, 0.5, 0.0]","[0.5, 0.25, 0.25]","[2.0, 2.0, 0.0]","[2.0, 1.0, 1.0]"
71251n,0.1800365325772657,9.31014522247141,"[0.375, 0.375, 0.25]","[0.25, 0.75, 0.0]","[3.0, 3.0, 2.0]","[1.0, 3.0, 0.0]"
122062n,0.37050650054950524,21.330119872152054,"[0.42857142857142855, 0.42857142857142855, 0.14285714285714285]","[0.0, 1.0, 0.0]","[3.0, 3.0, 1.0]","[0.0, 4.0, 0.0]"
27335e,0.19087450462110955,0.584962500682742,"[1.0, 0.0, 0.0]","[0.6666666666666666, 0.3333333333333333, 0.0]","[3.0, 0.0, 0.0]","[2.0, 1.0, 0.0]"
83248c,0.39581560200335836,22.395954188380163,"[0.2, 0.4, 0.4]","[0.0, 0.0, 1.0]","[1.0, 2.0, 2.0]","[0.0, 0.0, 3.0]"
117892n,0.39581560200335836,22.946931688774455,"[0.6, 0.4, 0.0]","[0.0, 1.0, 0.0]","[3.0, 2.0, 0.0]","[0.0, 4.0, 0.0]"
113967e,0.23645279766002797,14.974304261044496,"[0.4, 0.6, 0.0]","[0.0, 1.0, 0.0]","[2.0, 3.0, 0.0]","[0.0, 4.0, 0.0]"
77116e,0.029049405545331346,0.11699250014399074,"[0.4, 0.6, 0.0]","[0.6, 0.4, 0.0]","[2.0, 3.0, 0.0]","[3.0, 2.0, 0.0]"
14280n,0.4737789733291838,21.50732512849887,"[0.5555555555555556, 0.1111111111111111, 0.3333333333333333]","[0.0, 0.75, 0.25]","[5.0, 1.0, 3.0]","[0.0, 3.0, 1.0]"
10229n,0.45914791702724467,25.044931702420065,"[0.4444444444444444, 0.3333333333333333, 0.2222222222222222]","[0.0, 1.0, 0.0]","[4.0, 3.0, 2.0]","[0.0, 4.0, 0.0]"
107468n,0.31127812445913294,18.931568569364202,"[0.5, 0.5, 0.0]","[0.0, 1.0, 0.0]","[3.0, 3.0, 0.0]","[0.0, 3.0, 0.0]"
106013c,0.39581560200335836,22.946931688774455,"[0.0, 0.6, 0.4]","[0.0, 0.0, 1.0]","[0.0, 3.0, 2.0]","[0.0, 0.0, 3.0]"
129081n,0.25698118924235425,16.098973494854743,"[0.42857142857142855, 0.42857142857142855, 0.14285714285714285]","[0.0, 0.75, 0.25]","[3.0, 3.0, 1.0]","[0.0, 3.0, 1.0]"
58016c,0.23345859334434965,14.043037364803176,"[0.375, 0.375, 0.25]","[0.0, 0.75, 0.25]","[3.0, 3.0, 2.0]","[0.0, 3.0, 1.0]"
24126n,0.31127812445913294,18.931568569364202,"[0.5, 0.5, 0.0]","[0.0, 1.0, 0.0]","[3.0, 3.0, 0.0]","[0.0, 3.0, 0.0]"
128160n,0.2758764590133642,7.884684333168148,"[0.6, 0.2, 0.2]","[0.25, 0.75, 0.0]","[3.0, 1.0, 1.0]","[1.0, 3.0, 0.0]"
66185c,0.4252835873133534,13.036083212162417,"[0.0, 0.6666666666666666, 0.3333333333333333]","[0.5, 0.5, 0.0]","[0.0, 2.0, 1.0]","[1.0, 1.0, 0.0]"
65353n,0.0,0.0,"[1.0, 0.0, 0.0]","[1.0, 0.0, 0.0]","[3.0, 0.0, 0.0]","[4.0, 0.0, 0.0]"
13911n,0.31127812445913294,18.931568569364202,"[0.0, 0.5, 0.5]","[0.0, 1.0, 0.0]","[0.0, 3.0, 3.0]","[0.0, 3.0, 0.0]"
80109n,0.6893917467430878,32.71958762605199,"[0.42857142857142855, 0.42857142857142855, 0.14285714285714285]","[0.0, 0.0, 1.0]","[3.0, 3.0, 1.0]","[0.0, 0.0, 2.0]"
97011c,1.0,38.8631371386891,"[0.0, 0.5, 0.5]","[1.0, 0.0, 0.0]","[0.0, 2.0, 2.0]","[3.0, 0.0, 0.0]"
2870n,0.15163395208547745,7.416714332592408,"[0.4, 0.4, 0.2]","[0.25, 0.75, 0.0]","[2.0, 2.0, 1.0]","[1.0, 3.0, 0.0]"
22938e,0.12451124978365306,0.5509775004311144,"[0.6, 0.4, 0.0]","[0.2, 0.8, 0.0]","[3.0, 2.0, 0.0]","[1.0, 4.0, 0.0]"
56124n,0.15573702042370294,9.218228035782918,"[0.25, 0.375, 0.375]","[0.0, 0.6666666666666666, 0.3333333333333333]","[2.0, 3.0, 3.0]","[0.0, 2.0, 1.0]"
132525n,1.0,39.05185901422955,"[0.75, 0.0, 0.25]","[0.0, 1.0, 0.0]","[3.0, 0.0, 1.0]","[0.0, 4.0, 0.0]"
134103n,0.25698118924235414,16.098973494854743,"[0.42857142857142855, 0.14285714285714285, 0.42857142857142855]","[0.75, 0.25, 0.0]","[3.0, 1.0, 3.0]","[3.0, 1.0, 0.0]"
92062c,0.0,0.0,"[0.0, 0.5, 0.5]","[0.0, 0.5, 0.5]","[0.0, 3.0, 3.0]","[0.0, 2.0, 2.0]"
35809n,0.1134170394342197,7.269646833890743,"[0.6, 0.2, 0.2]","[0.6666666666666666, 0.3333333333333333, 0.0]","[3.0, 1.0, 1.0]","[2.0, 1.0, 0.0]"
63469c,0.0,0.0,"[0.0, 0.5, 0.5]","[0.0, 0.5, 0.5]","[0.0, 3.0, 3.0]","[0.0, 2.0, 2.0]"
97926c,1.0,39.8631371386498,"[1.0, 0.0, 0.0]","[0.0, 0.0, 1.0]","[3.0, 0.0, 0.0]","[0.0, 0.0, 4.0]"
6386n,0.04879494069539854,0.20751874963887507,"[0.5, 0.5, 0.0]","[0.75, 0.25, 0.0]","[2.0, 2.0, 0.0]","[3.0, 1.0, 0.0]"
46198n,0.31127812445913294,18.931568569364202,"[0.0, 0.5, 0.5]","[0.0, 1.0, 0.0]","[0.0, 3.0, 3.0]","[0.0, 4.0, 0.0]"
23414c,0.22460175271458138,14.012398302573555,"[0.375, 0.25, 0.375]","[0.0, 0.5, 0.5]","[3.0, 2.0, 3.0]","[0.0, 1.0, 1.0]"
10547c,0.39581560200335836,22.946931688774455,"[0.0, 0.6, 0.4]","[0.0, 0.0, 1.0]","[0.0, 3.0, 2.0]","[0.0, 0.0, 4.0]"
125021c,0.15573702042370294,9.218228035782918,"[0.25, 0.375, 0.375]","[0.0, 0.6666666666666666, 0.3333333333333333]","[2.0, 3.0, 3.0]","[0.0, 2.0, 1.0]"
96583n,0.31127812445913294,18.931568569364202,"[0.5, 0.5, 0.0]","[0.0, 1.0, 0.0]","[2.0, 2.0, 0.0]","[0.0, 4.0, 0.0]"
136360e,0.0,0.0,"[1.0, 0.0, 0.0]","[1.0, 0.0, 0.0]","[3.0, 0.0, 0.0]","[4.0, 0.0, 0.0]"
118415n,0.18948299145102235,10.634188257109699,"[0.2857142857142857, 0.42857142857142855, 0.2857142857142857]","[0.2, 0.8, 0.0]","[2.0, 3.0, 2.0]","[1.0, 4.0, 0.0]"
34094e,0.13792538097002996,9.154506160242205,"[0.75, 0.25, 0.0]","[1.0, 0.0, 0.0]","[3.0, 1.0, 0.0]","[4.0, 0.0, 0.0]"
59208n,0.09543725231055482,6.01804160611943,"[0.3333333333333333, 0.5, 0.16666666666666666]","[0.5, 0.5, 0.0]","[2.0, 3.0, 1.0]","[2.0, 2.0, 0.0]"
104412e,0.31127812445913294,18.931568569364202,"[0.5, 0.5, 0.0]","[1.0, 0.0, 0.0]","[2.0, 2.0, 0.0]","[3.0, 0.0, 0.0]"
59934n,0.39581560200335836,22.946931688774455,"[0.6, 0.4, 0.0]","[0.0, 1.0, 0.0]","[3.0, 2.0, 0.0]","[0.0, 3.0, 0.0]"
74768e,0.31127812445913294,18.931568569364202,"[0.5, 0.5, 0.0]","[1.0, 0.0, 0.0]","[2.0, 2.0, 0.0]","[3.0, 0.0, 0.0]"
32889n,0.39581560200335836,22.946931688774455,"[0.6, 0.4, 0.0]","[0.0, 1.0, 0.0]","[3.0, 2.0, 0.0]","[0.0, 3.0, 0.0]"
140005c,0.31127812445913294,18.931568569364202,"[0.0, 0.5, 0.5]","[0.0, 0.0, 1.0]","[0.0, 3.0, 3.0]","[0.0, 0.0, 4.0]"
107399c,0.0,0.0,"[0.0, 0.5, 0.5]","[0.0, 0.5, 0.5]","[0.0, 3.0, 3.0]","[0.0, 2.0, 2.0]"
124839c,0.13792538097002996,0.4150374992409149,"[0.0, 1.0, 0.0]","[0.0, 0.75, 0.25]","[0.0, 3.0, 0.0]","[0.0, 3.0, 1.0]"
10119e,0.45914791702724483,25.657128925084503,"[0.6666666666666666, 0.3333333333333333, 0.0]","[0.0, 1.0, 0.0]","[2.0, 1.0, 0.0]","[0.0, 3.0, 0.0]"
54327n,0.27213631281624084,16.147523495266796,"[0.42857142857142855, 0.2857142857142857, 0.2857142857142857]","[0.0, 0.6666666666666666, 0.3333333333333333]","[3.0, 2.0, 2.0]","[0.0, 2.0, 1.0]"
135247c,0.10579767212250879,6.05889368909212,"[0.16666666666666666, 0.5, 0.3333333333333333]","[0.0, 0.75, 0.25]","[1.0, 3.0, 2.0]","[0.0, 3.0, 1.0]"
98944c,0.5487949406953986,29.086074729567102,"[0.75, 0.25, 0.0]","[0.0, 1.0, 0.0]","[3.0, 1.0, 0.0]","[0.0, 2.0, 0.0]"
36715e,0.092593903166285,0.3950644052558785,"[0.4, 0.6, 0.0]","[0.75, 0.25, 0.0]","[2.0, 3.0, 0.0]","[3.0, 1.0, 0.0]"
98621n,0.020720839623908173,0.08496250072096553,"[0.0, 0.5, 0.5]","[0.0, 0.6666666666666666, 0.3333333333333333]","[0.0, 3.0, 3.0]","[0.0, 2.0, 1.0]"
117680c,0.0,0.0,"[0.0, 0.0, 1.0]","[0.0, 0.0, 1.0]","[0.0, 0.0, 2.0]","[0.0, 0.0, 4.0]"
120070n,0.31615615801093816,1.029049405505524,"[0.6, 0.4, 0.0]","[0.25, 0.25, 0.5]","[3.0, 2.0, 0.0]","[1.0, 1.0, 2.0]"
128542e,0.39581560200335836,22.946931688774455,"[0.6, 0.4, 0.0]","[0.0, 1.0, 0.0]","[3.0, 2.0, 0.0]","[0.0, 3.0, 0.0]"
128176e,0.5087256743873155,26.917012677364795,"[0.42857142857142855, 0.2857142857142857, 0.2857142857142857]","[0.0, 1.0, 0.0]","[3.0, 2.0, 2.0]","[0.0, 3.0, 0.0]"
56582n,0.092593903166285,0.3950644052558785,"[0.4, 0.6, 0.0]","[0.75, 0.25, 0.0]","[2.0, 3.0, 0.0]","[3.0, 1.0, 0.0]"
122928e,0.5000000000000001,19.431568569325616,"[0.5, 0.5, 0.0]","[0.0, 0.5, 0.5]","[2.0, 2.0, 0.0]","[0.0, 2.0, 2.0]"
67571c,0.04879494069539854,0.20751874963887507,"[0.0, 0.5, 0.5]","[0.0, 0.75, 0.25]","[0.0, 3.0, 3.0]","[0.0, 3.0, 1.0]"
21834e,0.31127812445913294,18.931568569364202,"[0.5, 0.5, 0.0]","[1.0, 0.0, 0.0]","[3.0, 3.0, 0.0]","[2.0, 0.0, 0.0]"
91797c,0.2302921552044523,12.507762378627195,"[0.3333333333333333, 0.3333333333333333, 0.3333333333333333]","[0.0, 0.25, 0.75]","[2.0, 2.0, 2.0]","[0.0, 1.0, 3.0]"
69975n,0.37519620693013067,19.09253261677048,"[0.5, 0.5, 0.0]","[0.0, 0.8, 0.2]","[2.0, 2.0, 0.0]","[0.0, 4.0, 1.0]"
100792c,0.6893917467430878,32.71958762605199,"[0.42857142857142855, 0.42857142857142855, 0.14285714285714285]","[0.0, 0.0, 1.0]","[3.0, 3.0, 1.0]","[0.0, 0.0, 2.0]"
46820e,0.418821231072075,23.353182587274766,"[0.375, 0.375, 0.25]","[0.0, 1.0, 0.0]","[3.0, 3.0, 2.0]","[0.0, 3.0, 0.0]"
82700c,0.5487949406953986,29.086074729567102,"[0.0, 0.25, 0.75]","[0.0, 1.0, 0.0]","[0.0, 1.0, 3.0]","[0.0, 4.0, 0.0]"
105561e,0.49096853177335203,23.180916689024937,"[0.6, 0.0, 0.4]","[0.0, 0.3333333333333333, 0.6666666666666666]","[3.0, 0.0, 2.0]","[0.0, 1.0, 2.0]"
97926n,0.2012389606261913,9.3959522314071,"[0.375, 0.375, 0.25]","[0.2, 0.8, 0.0]","[3.0, 3.0, 2.0]","[1.0, 4.0, 0.0]"
41052n,0.04879494069539854,0.18872187554045222,"[0.75, 0.25, 0.0]","[0.5, 0.5, 0.0]","[3.0, 1.0, 0.0]","[2.0, 2.0, 0.0]"
70590c,0.0731040079318099,0.3219280948863831,"[0.0, 0.5, 0.5]","[0.0, 0.8, 0.2]","[0.0, 3.0, 3.0]","[0.0, 4.0, 1.0]"
120323n,0.10803154614560004,0.3219280948497825,"[1.0, 0.0, 0.0]","[0.8, 0.0, 0.2]","[3.0, 0.0, 0.0]","[4.0, 0.0, 1.0]"
123038e,0.13792538097002996,9.154506160242205,"[0.75, 0.25, 0.0]","[1.0, 0.0, 0.0]","[3.0, 1.0, 0.0]","[2.0, 0.0, 0.0]"
81579e,0.08170416594551039,0.333333333332612,"[0.6666666666666666, 0.3333333333333333, 0.0]","[0.3333333333333333, 0.6666666666666666, 0.0]","[2.0, 1.0, 0.0]","[1.0, 2.0, 0.0]"
85428e,0.0,0.0,"[1.0, 0.0, 0.0]","[1.0, 0.0, 0.0]","[3.0, 0.0, 0.0]","[3.0, 0.0, 0.0]"
82174e,0.0,0.0,"[0.75, 0.25, 0.0]","[0.75, 0.25, 0.0]","[3.0, 1.0, 0.0]","[3.0, 1.0, 0.0]"
23751e,0.45328338368767385,15.574304261005768,"[0.6, 0.4, 0.0]","[0.5, 0.0, 0.5]","[3.0, 2.0, 0.0]","[1.0, 0.0, 1.0]"
13765c,0.45914791702724483,1.5849625006433001,"[0.0, 0.0, 1.0]","[0.3333333333333333, 0.3333333333333333, 0.3333333333333333]","[0.0, 0.0, 3.0]","[0.0, 0.0, 0.0]"
96516e,0.092593903166285,0.36440934524716345,"[0.75, 0.25, 0.0]","[0.4, 0.6, 0.0]","[3.0, 1.0, 0.0]","[2.0, 3.0, 0.0]"
113668n,0.6548575458269755,31.760133031925022,"[0.5, 0.16666666666666666, 0.3333333333333333]","[0.0, 1.0, 0.0]","[3.0, 1.0, 2.0]","[0.0, 2.0, 0.0]"
82528c,0.418821231072075,23.353182587274766,"[0.25, 0.375, 0.375]","[0.0, 1.0, 0.0]","[2.0, 3.0, 3.0]","[0.0, 1.0, 0.0]"
5087e,0.23645279766002797,14.974304261044496,"[0.6, 0.4, 0.0]","[1.0, 0.0, 0.0]","[3.0, 2.0, 0.0]","[4.0, 0.0, 0.0]"
110234e,0.0,0.0,"[0.75, 0.25, 0.0]","[0.75, 0.25, 0.0]","[3.0, 1.0, 0.0]","[3.0, 1.0, 0.0]"
116059n,0.39581560200335836,22.946931688774455,"[0.6, 0.4, 0.0]","[0.0, 1.0, 0.0]","[3.0, 2.0, 0.0]","[0.0, 4.0, 0.0]"
82510e,0.45914791702724483,24.99046225845656,"[0.3333333333333333, 0.3333333333333333, 0.3333333333333333]","[1.0, 0.0, 0.0]","[2.0, 2.0, 2.0]","[1.0, 0.0, 0.0]"
77025c,0.37050650054950524,21.22227880041483,"[0.2857142857142857, 0.42857142857142855, 0.2857142857142857]","[0.0, 1.0, 0.0]","[2.0, 3.0, 2.0]","[0.0, 3.0, 0.0]"
122322e,0.45328338368767385,15.574304261005768,"[0.6, 0.4, 0.0]","[0.5, 0.0, 0.5]","[3.0, 2.0, 0.0]","[1.0, 0.0, 1.0]"
2133n,0.16618856329603307,10.547096760761711,"[0.2857142857142857, 0.2857142857142857, 0.42857142857142855]","[0.0, 0.5, 0.5]","[2.0, 2.0, 3.0]","[0.0, 2.0, 2.0]"
74377e,0.13792538097002996,9.154506160242205,"[0.75, 0.25, 0.0]","[1.0, 0.0, 0.0]","[3.0, 1.0, 0.0]","[3.0, 0.0, 0.0]"
34573n,0.020720839623908173,0.08170416594534055,"[0.6666666666666666, 0.3333333333333333, 0.0]","[0.5, 0.5, 0.0]","[2.0, 1.0, 0.0]","[1.0, 1.0, 0.0]"
145495c,0.39581560200335836,22.39595418838016,"[0.4, 0.4, 0.2]","[0.0, 1.0, 0.0]","[2.0, 2.0, 1.0]","[0.0, 4.0, 0.0]"
77893n,0.1908745046211095,12.369416545534472,"[0.5, 0.16666666666666666, 0.3333333333333333]","[0.75, 0.25, 0.0]","[3.0, 1.0, 2.0]","[3.0, 1.0, 0.0]"
13387e,0.31127812445913294,0.9999999999606944,"[1.0, 0.0, 0.0]","[0.5, 0.5, 0.0]","[3.0, 0.0, 0.0]","[2.0, 2.0, 0.0]"
123703e,0.5087256743873155,26.9170126773648,"[0.2857142857142857, 0.42857142857142855, 0.2857142857142857]","[0.0, 0.0, 1.0]","[2.0, 3.0, 2.0]","[0.0, 0.0, 4.0]"
19208c,0.31127812445913294,18.931568569364202,"[0.0, 0.5, 0.5]","[0.0, 0.0, 1.0]","[0.0, 3.0, 3.0]","[0.0, 0.0, 3.0]"
40710n,0.19087450462110955,0.584962500682742,"[1.0, 0.0, 0.0]","[0.6666666666666666, 0.3333333333333333, 0.0]","[3.0, 0.0, 0.0]","[2.0, 1.0, 0.0]"
127290n,0.45914791702724483,25.657128925084503,"[0.6666666666666666, 0.3333333333333333, 0.0]","[0.0, 1.0, 0.0]","[2.0, 1.0, 0.0]","[0.0, 4.0, 0.0]"
11601n,0.418821231072075,23.353182587274766,"[0.375, 0.375, 0.25]","[0.0, 1.0, 0.0]","[3.0, 3.0, 2.0]","[0.0, 4.0, 0.0]"
79013n,0.6893917467430878,32.71958762605199,"[0.42857142857142855, 0.42857142857142855, 0.14285714285714285]","[0.0, 0.0, 1.0]","[3.0, 3.0, 1.0]","[0.0, 0.0, 2.0]"
15100e,0.19087450462110955,0.584962500682742,"[1.0, 0.0, 0.0]","[0.6666666666666666, 0.3333333333333333, 0.0]","[3.0, 0.0, 0.0]","[2.0, 1.0, 0.0]"
78105e,0.39581560200335836,22.946931688774455,"[0.4, 0.6, 0.0]","[1.0, 0.0, 0.0]","[2.0, 3.0, 0.0]","[4.0, 0.0, 0.0]"
93357c,0.23645279766002797,14.974304261044496,"[0.0, 0.6, 0.4]","[0.0, 1.0, 0.0]","[0.0, 3.0, 2.0]","[0.0, 4.0, 0.0]"
96956c,0.315368987703053,18.944099818763043,"[0.5, 0.16666666666666666, 0.3333333333333333]","[0.0, 0.25, 0.75]","[3.0, 1.0, 2.0]","[0.0, 1.0, 3.0]"
46650n,0.15163395208547745,7.4167143325924085,"[0.2, 0.4, 0.4]","[0.0, 0.75, 0.25]","[1.0, 2.0, 2.0]","[0.0, 3.0, 1.0]"
70047c,0.08170416594551039,0.333333333332612,"[0.6666666666666666, 0.3333333333333333, 0.0]","[0.3333333333333333, 0.6666666666666666, 0.0]","[2.0, 1.0, 0.0]","[1.0, 2.0, 0.0]"
24385e,0.23645279766002797,14.974304261044496,"[0.4, 0.6, 0.0]","[0.0, 1.0, 0.0]","[2.0, 3.0, 0.0]","[0.0, 2.0, 0.0]"
19768c,0.04879494069539854,0.20751874963887507,"[0.0, 0.5, 0.5]","[0.0, 0.75, 0.25]","[0.0, 3.0, 3.0]","[0.0, 3.0, 1.0]"
97569e,0.39581560200335836,22.946931688774455,"[0.4, 0.6, 0.0]","[1.0, 0.0, 0.0]","[2.0, 3.0, 0.0]","[3.0, 0.0, 0.0]"
11618c,0.31127812445913294,18.931568569364202,"[0.0, 0.5, 0.5]","[0.0, 0.0, 1.0]","[0.0, 2.0, 2.0]","[0.0, 0.0, 4.0]"
14388e,0.45914791702724467,25.116276842150057,"[0.5, 0.3333333333333333, 0.16666666666666666]","[0.0, 1.0, 0.0]","[3.0, 2.0, 1.0]","[0.0, 3.0, 0.0]"
138862c,0.45914791702724483,24.99046225845656,"[0.3333333333333333, 0.3333333333333333, 0.3333333333333333]","[0.0, 1.0, 0.0]","[2.0, 2.0, 2.0]","[0.0, 3.0, 0.0]"
125238c,0.45914791702724483,24.99046225845656,"[0.3333333333333333, 0.3333333333333333, 0.3333333333333333]","[0.0, 1.0, 0.0]","[2.0, 2.0, 2.0]","[0.0, 2.0, 0.0]"
136097n,0.15163395208547745,7.416714332592408,"[0.4, 0.4, 0.2]","[0.75, 0.25, 0.0]","[2.0, 2.0, 1.0]","[3.0, 1.0, 0.0]"
102075c,0.6548575458269755,31.760133031925022,"[0.5, 0.16666666666666666, 0.3333333333333333]","[0.0, 1.0, 0.0]","[3.0, 1.0, 2.0]","[0.0, 2.0, 0.0]"
76957c,0.39315587846583216,19.13908731896593,"[0.5, 0.5, 0.0]","[0.0, 0.75, 0.25]","[3.0, 3.0, 0.0]","[0.0, 3.0, 1.0]"
132019n,0.0,0.0,"[1.0, 0.0, 0.0]","[1.0, 0.0, 0.0]","[2.0, 0.0, 0.0]","[3.0, 0.0, 0.0]"
49227n,0.39581560200335836,22.946931688774455,"[0.6, 0.4, 0.0]","[0.0, 1.0, 0.0]","[3.0, 2.0, 0.0]","[0.0, 4.0, 0.0]"
72740c,0.0,0.0,"[0.0, 0.0, 1.0]","[0.0, 0.0, 1.0]","[0.0, 0.0, 2.0]","[0.0, 0.0, 4.0]"
117093n,0.0,0.0,"[0.75, 0.25, 0.0]","[0.75, 0.25, 0.0]","[3.0, 1.0, 0.0]","[3.0, 1.0, 0.0]"
88605e,0.19087450462110955,12.369416545534575,"[0.6666666666666666, 0.3333333333333333, 0.0]","[1.0, 0.0, 0.0]","[2.0, 1.0, 0.0]","[4.0, 0.0, 0.0]"
46198c,0.0,0.0,"[0.0, 0.5, 0.5]","[0.0, 0.5, 0.5]","[0.0, 3.0, 3.0]","[0.0, 2.0, 2.0]"
123267e,0.19087450462110955,12.369416545534575,"[0.3333333333333333, 0.6666666666666666, 0.0]","[0.0, 1.0, 0.0]","[1.0, 2.0, 0.0]","[0.0, 4.0, 0.0]"
64123c,0.31127812445913294,18.931568569364202,"[0.5, 0.5, 0.0]","[0.0, 1.0, 0.0]","[2.0, 2.0, 0.0]","[0.0, 2.0, 0.0]"
75572n,0.003455029339326271,0.014011906266454446,"[0.6, 0.4, 0.0]","[0.6666666666666666, 0.3333333333333333, 0.0]","[3.0, 2.0, 0.0]","[2.0, 1.0, 0.0]"
45957e,0.25926533554232173,14.127999865524087,"[0.375, 0.375, 0.25]","[0.0, 0.3333333333333333, 0.6666666666666666]","[3.0, 3.0, 2.0]","[0.0, 1.0, 2.0]"
110061n,0.31127812445913294,18.931568569364202,"[0.5, 0.5, 0.0]","[0.0, 1.0, 0.0]","[3.0, 3.0, 0.0]","[0.0, 4.0, 0.0]"
66858n,0.04879494069539854,0.18872187554045222,"[0.75, 0.25, 0.0]","[0.5, 0.5, 0.0]","[3.0, 1.0, 0.0]","[2.0, 2.0, 0.0]"
98739n,0.01862176307426532,0.07807190511241671,"[0.6, 0.4, 0.0]","[0.75, 0.25, 0.0]","[3.0, 2.0, 0.0]","[3.0, 1.0, 0.0]"
98487c,0.23645279766002797,14.974304261044496,"[0.0, 0.6, 0.4]","[0.0, 1.0, 0.0]","[0.0, 3.0, 2.0]","[0.0, 4.0, 0.0]"
30380c,0.45914791702724483,25.116276842150057,"[0.16666666666666666, 0.5, 0.3333333333333333]","[0.0, 0.0, 1.0]","[1.0, 3.0, 2.0]","[0.0, 0.0, 2.0]"
62238e,0.39581560200335836,22.946931688774455,"[0.6, 0.4, 0.0]","[0.0, 1.0, 0.0]","[3.0, 2.0, 0.0]","[0.0, 3.0, 0.0]"
131235c,0.19087450462110955,12.36941654553447,"[0.3333333333333333, 0.3333333333333333, 0.3333333333333333]","[0.0, 0.5, 0.5]","[2.0, 2.0, 2.0]","[0.0, 1.0, 1.0]"
37407n,0.23645279766002797,14.974304261044496,"[0.0, 0.6, 0.4]","[0.0, 1.0, 0.0]","[0.0, 3.0, 2.0]","[0.0, 4.0, 0.0]"
53211n,0.5487949406953986,28.397352854064955,"[0.5, 0.25, 0.25]","[0.0, 1.0, 0.0]","[2.0, 1.0, 1.0]","[0.0, 3.0, 0.0]"
98445c,0.23645279766002797,14.974304261044496,"[0.0, 0.6, 0.4]","[0.0, 1.0, 0.0]","[0.0, 3.0, 2.0]","[0.0, 1.0, 0.0]"
62273n,0.31125529082359094,16.282932406218666,"[0.2857142857142857, 0.2857142857142857, 0.42857142857142855]","[0.2, 0.8, 0.0]","[2.0, 2.0, 3.0]","[1.0, 4.0, 0.0]"
93236c,0.020720839623908173,0.08496250072096553,"[0.0, 0.5, 0.5]","[0.0, 0.3333333333333333, 0.6666666666666666]","[0.0, 3.0, 3.0]","[0.0, 1.0, 2.0]"
48222n,0.2036902733992903,10.679212832705153,"[0.2857142857142857, 0.42857142857142855, 0.2857142857142857]","[0.6666666666666666, 0.3333333333333333, 0.0]","[2.0, 3.0, 2.0]","[2.0, 1.0, 0.0]"
120955n,0.31127812445913294,18.472420652375092,"[0.3333333333333333, 0.5, 0.16666666666666666]","[0.0, 1.0, 0.0]","[2.0, 3.0, 1.0]","[0.0, 3.0, 0.0]"
48553c,0.2909388770033496,14.24115767739284,"[0.375, 0.25, 0.375]","[0.0, 0.75, 0.25]","[3.0, 2.0, 3.0]","[0.0, 3.0, 1.0]"
111243n,0.45914791702724483,25.657128925084503,"[0.3333333333333333, 0.6666666666666666, 0.0]","[1.0, 0.0, 0.0]","[1.0, 2.0, 0.0]","[4.0, 0.0, 0.0]"
28306c,0.0,0.0,"[0.0, 0.0, 1.0]","[0.0, 0.0, 1.0]","[0.0, 0.0, 3.0]","[0.0, 0.0, 3.0]"
16996e,0.23645279766002797,14.974304261044496,"[0.4, 0.6, 0.0]","[0.0, 1.0, 0.0]","[2.0, 3.0, 0.0]","[0.0, 3.0, 0.0]"
139409e,0.13792538097002996,9.154506160242205,"[0.75, 0.25, 0.0]","[1.0, 0.0, 0.0]","[3.0, 1.0, 0.0]","[2.0, 0.0, 0.0]"
52542n,0.39581560200335836,22.946931688774455,"[0.6, 0.4, 0.0]","[0.0, 1.0, 0.0]","[3.0, 2.0, 0.0]","[0.0, 3.0, 0.0]"
49611e,0.13628933528330991,6.17217702338675,"[0.3333333333333333, 0.5, 0.16666666666666666]","[0.6666666666666666, 0.3333333333333333, 0.0]","[2.0, 3.0, 1.0]","[2.0, 1.0, 0.0]"
92774n,0.0060774899785535,0.02368437626195867,"[0.0, 0.75, 0.25]","[0.0, 0.6666666666666666, 0.3333333333333333]","[0.0, 3.0, 1.0]","[0.0, 2.0, 1.0]"
30139n,0.04879494069539854,0.18872187554045222,"[0.75, 0.25, 0.0]","[0.5, 0.5, 0.0]","[3.0, 1.0, 0.0]","[2.0, 2.0, 0.0]"
49462c,0.003455029339326271,0.014011906266454446,"[0.4, 0.6, 0.0]","[0.3333333333333333, 0.6666666666666666, 0.0]","[2.0, 3.0, 0.0]","[1.0, 2.0, 0.0]"
114492n,0.6893917467430878,32.71958762605199,"[0.42857142857142855, 0.14285714285714285, 0.42857142857142855]","[0.0, 1.0, 0.0]","[3.0, 1.0, 3.0]","[0.0, 4.0, 0.0]"
84781e,0.4252835873133534,19.224049819686726,"[0.5, 0.5, 0.0]","[0.0, 0.6666666666666666, 0.3333333333333333]","[3.0, 3.0, 0.0]","[0.0, 2.0, 1.0]"
103169n,0.45914791702724483,24.99046225845656,"[0.3333333333333333, 0.3333333333333333, 0.3333333333333333]","[1.0, 0.0, 0.0]","[3.0, 3.0, 3.0]","[2.0, 0.0, 0.0]"
138448c,0.052168417727057485,0.21401190626602168,"[0.0, 0.6, 0.4]","[0.0, 0.3333333333333333, 0.6666666666666666]","[0.0, 3.0, 2.0]","[0.0, 2.0, 4.0]"
137715n,0.1800365325772657,9.31014522247141,"[0.375, 0.375, 0.25]","[0.75, 0.25, 0.0]","[3.0, 3.0, 2.0]","[3.0, 1.0, 0.0]"
74534n,0.003455029339326271,0.014011906266454446,"[0.0, 0.6, 0.4]","[0.0, 0.6666666666666666, 0.3333333333333333]","[0.0, 3.0, 2.0]","[0.0, 2.0, 1.0]"
118403n,0.0,0.0,"[0.0, 0.5, 0.5]","[0.0, 0.5, 0.5]","[0.0, 3.0, 3.0]","[0.0, 2.0, 2.0]"
8487n,0.23645279766002797,14.974304261044496,"[0.6, 0.4, 0.0]","[1.0, 0.0, 0.0]","[3.0, 2.0, 0.0]","[2.0, 0.0, 0.0]"
82156e,0.5087256743873155,26.917012677364795,"[0.42857142857142855, 0.2857142857142857, 0.2857142857142857]","[0.0, 1.0, 0.0]","[3.0, 2.0, 2.0]","[0.0, 2.0, 0.0]"
81842c,0.31615615801093816,1.029049405505524,"[0.6, 0.0, 0.4]","[0.25, 0.5, 0.25]","[3.0, 0.0, 2.0]","[1.0, 2.0, 1.0]"
34176n,0.17573813336525584,10.582112831881219,"[0.2857142857142857, 0.42857142857142855, 0.2857142857142857]","[0.25, 0.75, 0.0]","[2.0, 3.0, 2.0]","[1.0, 3.0, 0.0]"
47798n,0.31127812445913294,18.931568569364202,"[0.0, 0.5, 0.5]","[0.0, 1.0, 0.0]","[0.0, 3.0, 3.0]","[0.0, 4.0, 0.0]"
111338e,0.13019784892915887,0.5533833323704338,"[0.6666666666666666, 0.3333333333333333, 0.0]","[0.25, 0.75, 0.0]","[2.0, 1.0, 0.0]","[1.0, 3.0, 0.0]"
83722e,0.39581560200335836,22.946931688774455,"[0.4, 0.6, 0.0]","[1.0, 0.0, 0.0]","[2.0, 3.0, 0.0]","[4.0, 0.0, 0.0]"
837n,0.5408520829727552,13.426058212642396,"[0.6666666666666666, 0.3333333333333333, 0.0]","[0.3333333333333333, 0.0, 0.6666666666666666]","[2.0, 1.0, 0.0]","[1.0, 0.0, 2.0]"
138966n,1.0,38.8631371386891,"[0.5, 0.0, 0.5]","[0.0, 1.0, 0.0]","[3.0, 0.0, 3.0]","[0.0, 3.0, 0.0]"
101245n,0.5487949406953986,1.9999999999582243,"[1.0, 0.0, 0.0]","[0.25, 0.75, 0.0]","[3.0, 0.0, 0.0]","[1.0, 3.0, 0.0]"
93955n,0.39581560200335836,22.39595418838016,"[0.4, 0.4, 0.2]","[0.0, 1.0, 0.0]","[2.0, 2.0, 1.0]","[0.0, 2.0, 0.0]"
30894n,0.160112494299012,10.526347185372249,"[0.42857142857142855, 0.2857142857142857, 0.2857142857142857]","[0.6, 0.4, 0.0]","[3.0, 2.0, 2.0]","[3.0, 2.0, 0.0]"
116176c,0.0,0.0,"[0.5, 0.5, 0.0]","[0.5, 0.5, 0.0]","[2.0, 2.0, 0.0]","[1.0, 1.0, 0.0]"
31113e,0.13792538097002996,9.154506160242152,"[0.375, 0.375, 0.25]","[0.5, 0.5, 0.0]","[3.0, 3.0, 2.0]","[2.0, 2.0, 0.0]"
13760n,0.39581560200335836,22.946931688774455,"[0.6, 0.4, 0.0]","[0.0, 1.0, 0.0]","[3.0, 2.0, 0.0]","[0.0, 2.0, 0.0]"
114971e,0.15563906222956644,0.49999999996169414,"[0.5, 0.5, 0.0]","[0.5, 0.25, 0.25]","[2.0, 2.0, 0.0]","[2.0, 1.0, 1.0]"
53074n,0.37050650054950524,21.22227880041483,"[0.2857142857142857, 0.42857142857142855, 0.2857142857142857]","[0.0, 1.0, 0.0]","[2.0, 3.0, 2.0]","[0.0, 4.0, 0.0]"
22587e,0.39581560200335836,22.39595418838016,"[0.4, 0.2, 0.4]","[1.0, 0.0, 0.0]","[4.0, 2.0, 4.0]","[3.0, 0.0, 0.0]"
47404e,0.3112781244591328,18.472420652375092,"[0.16666666666666666, 0.5, 0.3333333333333333]","[0.0, 1.0, 0.0]","[1.0, 3.0, 2.0]","[0.0, 3.0, 0.0]"
141293e,0.04879494069539854,0.20751874963887507,"[0.5, 0.5, 0.0]","[0.75, 0.25, 0.0]","[2.0, 2.0, 0.0]","[3.0, 1.0, 0.0]"
42860n,0.061278124459132874,0.2499999999992787,"[0.5, 0.25, 0.25]","[0.25, 0.25, 0.5]","[2.0, 1.0, 1.0]","[1.0, 1.0, 2.0]"
100768n,0.10803154614560004,0.3219280948497825,"[1.0, 0.0, 0.0]","[0.8, 0.2, 0.0]","[2.0, 0.0, 0.0]","[4.0, 1.0, 0.0]"
80630e,0.04879494069539854,0.20751874963887507,"[0.5, 0.5, 0.0]","[0.75, 0.25, 0.0]","[2.0, 2.0, 0.0]","[3.0, 1.0, 0.0]"
42983e,0.08170416594551039,0.333333333332612,"[0.6666666666666666, 0.3333333333333333, 0.0]","[0.3333333333333333, 0.6666666666666666, 0.0]","[2.0, 1.0, 0.0]","[1.0, 2.0, 0.0]"
30894c,1.0,39.8631371386498,"[1.0, 0.0, 0.0]","[0.0, 1.0, 0.0]","[3.0, 0.0, 0.0]","[0.0, 4.0, 0.0]"
111680e,0.31127812445913294,18.931568569364202,"[0.5, 0.5, 0.0]","[1.0, 0.0, 0.0]","[2.0, 2.0, 0.0]","[4.0, 0.0, 0.0]"
79141n,0.24210977896667163,14.991809557694506,"[0.5, 0.1, 0.4]","[0.75, 0.25, 0.0]","[5.0, 1.0, 4.0]","[3.0, 1.0, 0.0]"
51353e,0.020720839623908173,0.08496250072096553,"[0.5, 0.5, 0.0]","[0.6666666666666666, 0.3333333333333333, 0.0]","[2.0, 2.0, 0.0]","[2.0, 1.0, 0.0]"
12601n,0.31127812445913294,18.931568569364202,"[0.5, 0.5, 0.0]","[0.0, 1.0, 0.0]","[2.0, 2.0, 0.0]","[0.0, 4.0, 0.0]"
144753e,0.0,0.0,"[0.75, 0.25, 0.0]","[0.75, 0.25, 0.0]","[3.0, 1.0, 0.0]","[3.0, 1.0, 0.0]"
48300c,0.27213631281624073,16.147523495266796,"[0.2857142857142857, 0.2857142857142857, 0.42857142857142855]","[0.6666666666666666, 0.3333333333333333, 0.0]","[2.0, 2.0, 3.0]","[2.0, 1.0, 0.0]"
27287c,0.5487949406953986,28.33607472960599,"[0.375, 0.25, 0.375]","[0.0, 1.0, 0.0]","[3.0, 2.0, 3.0]","[0.0, 3.0, 0.0]"
56895c,0.12649078756513457,7.318669333458032,"[0.2, 0.4, 0.4]","[0.0, 0.3333333333333333, 0.6666666666666666]","[1.0, 2.0, 2.0]","[0.0, 1.0, 2.0]"
8545c,0.39581560200335836,22.946931688774455,"[0.0, 0.6, 0.4]","[0.0, 0.0, 1.0]","[0.0, 3.0, 2.0]","[0.0, 0.0, 3.0]"
26142n,0.25,9.46578428466353,"[0.75, 0.25, 0.0]","[0.75, 0.0, 0.25]","[3.0, 1.0, 0.0]","[3.0, 0.0, 1.0]"
55572n,0.1800365325772657,9.31014522247141,"[0.25, 0.375, 0.375]","[0.0, 0.75, 0.25]","[2.0, 3.0, 3.0]","[0.0, 3.0, 1.0]"
10916n,0.13792538097002996,9.154506160242205,"[0.75, 0.25, 0.0]","[1.0, 0.0, 0.0]","[3.0, 1.0, 0.0]","[4.0, 0.0, 0.0]"
72870c,0.5087256743873155,26.917012677364795,"[0.2857142857142857, 0.2857142857142857, 0.42857142857142855]","[0.0, 1.0, 0.0]","[2.0, 2.0, 3.0]","[0.0, 2.0, 0.0]"
49172n,0.23645279766002797,14.974304261044496,"[0.6, 0.4, 0.0]","[1.0, 0.0, 0.0]","[3.0, 2.0, 0.0]","[4.0, 0.0, 0.0]"
25437n,0.04879494069539854,0.20751874963887507,"[0.5, 0.5, 0.0]","[0.25, 0.75, 0.0]","[2.0, 2.0, 0.0]","[1.0, 3.0, 0.0]"
52278e,0.31127812445913294,18.931568569364202,"[0.5, 0.5, 0.0]","[1.0, 0.0, 0.0]","[2.0, 2.0, 0.0]","[4.0, 0.0, 0.0]"
53468n,0.45914791702724467,25.116276842150057,"[0.5, 0.3333333333333333, 0.16666666666666666]","[0.0, 1.0, 0.0]","[3.0, 2.0, 1.0]","[0.0, 2.0, 0.0]"
25304n,0.31127812445913294,18.931568569364202,"[0.0, 0.5, 0.5]","[0.0, 0.0, 1.0]","[0.0, 2.0, 2.0]","[0.0, 0.0, 3.0]"
55888c,0.6875981034650653,29.416556753250596,"[0.75, 0.25, 0.0]","[0.0, 0.4, 0.6]","[3.0, 1.0, 0.0]","[0.0, 2.0, 3.0]"
82510c,1.0,39.8631371386498,"[1.0, 0.0, 0.0]","[0.0, 0.0, 1.0]","[2.0, 0.0, 0.0]","[0.0, 0.0, 3.0]"
127073c,0.45914791702724467,25.116276842150057,"[0.5, 0.3333333333333333, 0.16666666666666666]","[0.0, 1.0, 0.0]","[3.0, 2.0, 1.0]","[0.0, 3.0, 0.0]"
105911c,0.22460175271458138,14.012398302573555,"[0.375, 0.25, 0.375]","[0.5, 0.5, 0.0]","[3.0, 2.0, 3.0]","[1.0, 1.0, 0.0]"
127809n,0.0,0.0,"[1.0, 0.0, 0.0]","[1.0, 0.0, 0.0]","[3.0, 0.0, 0.0]","[4.0, 0.0, 0.0]"
103354n,0.15163395208547745,7.416714332592408,"[0.4, 0.4, 0.2]","[0.25, 0.75, 0.0]","[2.0, 2.0, 1.0]","[1.0, 3.0, 0.0]"
145047e,0.31127812445913294,18.931568569364202,"[0.5, 0.5, 0.0]","[0.0, 1.0, 0.0]","[3.0, 3.0, 0.0]","[0.0, 4.0, 0.0]"
26143n,0.31127812445913294,18.931568569364202,"[0.0, 0.5, 0.5]","[0.0, 0.0, 1.0]","[0.0, 3.0, 3.0]","[0.0, 0.0, 3.0]"
16494c,0.31127812445913294,18.931568569364202,"[0.0, 0.5, 0.5]","[0.0, 0.0, 1.0]","[0.0, 3.0, 3.0]","[0.0, 0.0, 1.0]"
66225n,0.5487949406953986,29.086074729567102,"[0.75, 0.25, 0.0]","[0.0, 1.0, 0.0]","[3.0, 1.0, 0.0]","[0.0, 3.0, 0.0]"
136752e,0.31127812445913294,18.931568569364202,"[0.5, 0.5, 0.0]","[1.0, 0.0, 0.0]","[2.0, 2.0, 0.0]","[4.0, 0.0, 0.0]"
144753c,0.25926533554232173,14.127999865524087,"[0.375, 0.375, 0.25]","[0.0, 0.3333333333333333, 0.6666666666666666]","[3.0, 3.0, 2.0]","[0.0, 1.0, 2.0]"
94674c,1.0,39.8631371386498,"[0.0, 0.0, 1.0]","[0.0, 1.0, 0.0]","[0.0, 0.0, 2.0]","[0.0, 3.0, 0.0]"
22436n,0.37050650054950524,21.22227880041483,"[0.2857142857142857, 0.42857142857142855, 0.2857142857142857]","[0.0, 1.0, 0.0]","[2.0, 3.0, 2.0]","[0.0, 3.0, 0.0]"
129601n,1.0,38.89218654423438,"[0.6, 0.4, 0.0]","[0.0, 0.0, 1.0]","[3.0, 2.0, 0.0]","[0.0, 0.0, 2.0]"
52171c,0.20265187372950969,6.452981685191072,"[0.3333333333333333, 0.5, 0.16666666666666666]","[0.8, 0.2, 0.0]","[2.0, 3.0, 1.0]","[4.0, 1.0, 0.0]"
40486n,0.020720839623908173,0.08496250072096553,"[0.5, 0.5, 0.0]","[0.6666666666666666, 0.3333333333333333, 0.0]","[3.0, 3.0, 0.0]","[2.0, 1.0, 0.0]"
30282n,0.5487949406953986,1.9999999999582243,"[1.0, 0.0, 0.0]","[0.25, 0.75, 0.0]","[3.0, 0.0, 0.0]","[1.0, 3.0, 0.0]"
23769n,0.5487949406953986,29.086074729567102,"[0.75, 0.25, 0.0]","[0.0, 1.0, 0.0]","[3.0, 1.0, 0.0]","[0.0, 4.0, 0.0]"
118460n,1.0,39.8631371386498,"[1.0, 0.0, 0.0]","[0.0, 1.0, 0.0]","[2.0, 0.0, 0.0]","[0.0, 2.0, 0.0]"
21297n,0.007299156760473896,0.02904940554527255,"[0.4, 0.6, 0.0]","[0.5, 0.5, 0.0]","[2.0, 3.0, 0.0]","[2.0, 2.0, 0.0]"
88188e,0.39581560200335836,22.946931688774455,"[0.6, 0.4, 0.0]","[0.0, 1.0, 0.0]","[3.0, 2.0, 0.0]","[0.0, 4.0, 0.0]"
135251n,0.5487949406953986,1.9999999999582243,"[1.0, 0.0, 0.0]","[0.25, 0.75, 0.0]","[3.0, 0.0, 0.0]","[1.0, 3.0, 0.0]"
106390n,0.0060774899785535,0.025062498797997407,"[0.6666666666666666, 0.3333333333333333, 0.0]","[0.75, 0.25, 0.0]","[2.0, 1.0, 0.0]","[3.0, 1.0, 0.0]"
113644n,0.39581560200335836,22.946931688774455,"[0.6, 0.4, 0.0]","[0.0, 1.0, 0.0]","[3.0, 2.0, 0.0]","[0.0, 3.0, 0.0]"
80517e,0.6099865470109875,2.3219280948443726,"[1.0, 0.0, 0.0]","[0.2, 0.8, 0.0]","[3.0, 0.0, 0.0]","[1.0, 4.0, 0.0]"
45443c,0.45328338368767385,15.574304261005768,"[0.4, 0.0, 0.6]","[0.0, 0.5, 0.5]","[2.0, 0.0, 3.0]","[0.0, 2.0, 2.0]"
139362e,0.39581560200335836,22.946931688774455,"[0.6, 0.4, 0.0]","[0.0, 1.0, 0.0]","[3.0, 2.0, 0.0]","[0.0, 3.0, 0.0]"
91106n,0.31127812445913294,18.931568569364202,"[0.5, 0.5, 0.0]","[0.0, 1.0, 0.0]","[2.0, 2.0, 0.0]","[0.0, 4.0, 0.0]"
108624c,0.6548575458269755,31.760133031925022,"[0.3333333333333333, 0.5, 0.16666666666666666]","[0.0, 0.0, 1.0]","[2.0, 3.0, 1.0]","[0.0, 0.0, 4.0]"
21810n,0.45914791702724483,1.5849625006805783,"[1.0, 0.0, 0.0]","[0.3333333333333333, 0.6666666666666666, 0.0]","[3.0, 0.0, 0.0]","[1.0, 2.0, 0.0]"
53619c,0.418821231072075,23.353182587274766,"[0.25, 0.375, 0.375]","[0.0, 0.0, 1.0]","[2.0, 3.0, 3.0]","[0.0, 0.0, 3.0]"
95883e,0.5087256743873155,26.9170126773648,"[0.2857142857142857, 0.42857142857142855, 0.2857142857142857]","[0.0, 0.0, 1.0]","[2.0, 3.0, 2.0]","[0.0, 0.0, 3.0]"
47408n,0.23645279766002797,14.974304261044496,"[0.6, 0.4, 0.0]","[1.0, 0.0, 0.0]","[3.0, 2.0, 0.0]","[2.0, 0.0, 0.0]"
27022c,0.2934356963218768,12.646108211682703,"[0.6666666666666666, 0.3333333333333333, 0.0]","[0.75, 0.0, 0.25]","[2.0, 1.0, 0.0]","[3.0, 0.0, 1.0]"
86429n,0.23645279766002797,14.974304261044496,"[0.4, 0.6, 0.0]","[0.0, 1.0, 0.0]","[2.0, 3.0, 0.0]","[0.0, 4.0, 0.0]"
121422c,0.27213631281624084,16.147523495266796,"[0.42857142857142855, 0.2857142857142857, 0.2857142857142857]","[0.0, 0.6666666666666666, 0.3333333333333333]","[3.0, 2.0, 2.0]","[0.0, 2.0, 1.0]"
69815n,0.39581560200335836,22.946931688774455,"[0.6, 0.4, 0.0]","[0.0, 1.0, 0.0]","[3.0, 2.0, 0.0]","[0.0, 4.0, 0.0]"
917c,0.25926533554232173,14.127999865524087,"[0.375, 0.375, 0.25]","[0.0, 0.3333333333333333, 0.6666666666666666]","[3.0, 3.0, 2.0]","[0.0, 1.0, 2.0]"
129464c,0.31127812445913294,18.931568569364202,"[0.5, 0.5, 0.0]","[0.0, 1.0, 0.0]","[2.0, 2.0, 0.0]","[0.0, 4.0, 0.0]"
29844c,0.13628933528330994,6.17217702338675,"[0.16666666666666666, 0.3333333333333333, 0.5]","[0.0, 0.6666666666666666, 0.3333333333333333]","[1.0, 2.0, 3.0]","[0.0, 2.0, 1.0]"
57454e,0.5000000000000001,19.431568569325616,"[0.5, 0.5, 0.0]","[0.0, 0.5, 0.5]","[2.0, 2.0, 0.0]","[0.0, 1.0, 1.0]"
17179n,0.0,0.0,"[0.5, 0.5, 0.0]","[0.5, 0.5, 0.0]","[3.0, 3.0, 0.0]","[2.0, 2.0, 0.0]"
11297c,0.45914791702724483,25.116276842150057,"[0.16666666666666666, 0.5, 0.3333333333333333]","[0.0, 0.0, 1.0]","[1.0, 3.0, 2.0]","[0.0, 0.0, 2.0]"
73260n,0.7499999999999999,29.58607472952857,"[0.75, 0.0, 0.25]","[0.0, 0.75, 0.25]","[3.0, 0.0, 1.0]","[0.0, 3.0, 1.0]"
46576e,0.37050650054950524,21.22227880041483,"[0.42857142857142855, 0.2857142857142857, 0.2857142857142857]","[1.0, 0.0, 0.0]","[3.0, 2.0, 2.0]","[4.0, 0.0, 0.0]"
103431n,0.0037024515418363426,0.014771863965718626,"[0.5714285714285714, 0.42857142857142855, 0.0]","[0.5, 0.5, 0.0]","[4.0, 3.0, 0.0]","[2.0, 2.0, 0.0]"
91913n,0.37050650054950524,21.330119872152054,"[0.42857142857142855, 0.42857142857142855, 0.14285714285714285]","[0.0, 1.0, 0.0]","[3.0, 3.0, 1.0]","[0.0, 3.0, 0.0]"
72875e,0.33102365960919994,15.223326760574066,"[0.6, 0.4, 0.0]","[0.75, 0.0, 0.25]","[3.0, 2.0, 0.0]","[3.0, 0.0, 1.0]"
33822n,0.39581560200335836,22.946931688774455,"[0.6, 0.4, 0.0]","[0.0, 1.0, 0.0]","[3.0, 2.0, 0.0]","[0.0, 3.0, 0.0]"
124853e,0.31127812445913294,18.931568569364202,"[0.5, 0.5, 0.0]","[1.0, 0.0, 0.0]","[3.0, 3.0, 0.0]","[3.0, 0.0, 0.0]"
2262n,1.0,39.8631371386498,"[1.0, 0.0, 0.0]","[0.0, 1.0, 0.0]","[3.0, 0.0, 0.0]","[0.0, 2.0, 0.0]"
48223n,0.22558183280336616,9.395952231370236,"[0.75, 0.25, 0.0]","[0.8, 0.0, 0.2]","[3.0, 1.0, 0.0]","[4.0, 0.0, 1.0]"
30171n,0.16299790608028422,10.53635568984832,"[0.2857142857142857, 0.42857142857142855, 0.2857142857142857]","[0.0, 0.6666666666666666, 0.3333333333333333]","[2.0, 3.0, 2.0]","[0.0, 2.0, 1.0]"
120149c,0.39581560200335836,22.946931688774455,"[0.0, 0.6, 0.4]","[0.0, 0.0, 1.0]","[0.0, 3.0, 2.0]","[0.0, 0.0, 4.0]"
104805e,0.19087450462110955,12.369416545534472,"[0.3333333333333333, 0.3333333333333333, 0.3333333333333333]","[0.5, 0.5, 0.0]","[2.0, 2.0, 2.0]","[2.0, 2.0, 0.0]"
63013n,1.0,38.8631371386891,"[0.5, 0.0, 0.5]","[0.0, 1.0, 0.0]","[3.0, 0.0, 3.0]","[0.0, 3.0, 0.0]"
129081e,0.5540157730728,19.592532616768995,"[0.5, 0.5, 0.0]","[0.0, 0.4, 0.6]","[2.0, 2.0, 0.0]","[0.0, 2.0, 3.0]"
131261n,0.39581560200335836,22.946931688774455,"[0.6, 0.4, 0.0]","[0.0, 1.0, 0.0]","[3.0, 2.0, 0.0]","[0.0, 4.0, 0.0]"
18189e,0.020720839623908173,0.08170416594534055,"[0.6666666666666666, 0.3333333333333333, 0.0]","[0.5, 0.5, 0.0]","[2.0, 1.0, 0.0]","[2.0, 2.0, 0.0]"
8257n,0.0,0.0,"[1.0, 0.0, 0.0]","[1.0, 0.0, 0.0]","[3.0, 0.0, 0.0]","[4.0, 0.0, 0.0]"
22235n,0.0060774899785535,0.02368437626195867,"[0.75, 0.25, 0.0]","[0.6666666666666666, 0.3333333333333333, 0.0]","[3.0, 1.0, 0.0]","[2.0, 1.0, 0.0]"
72870n,0.37050650054950524,21.330119872152054,"[0.42857142857142855, 0.42857142857142855, 0.14285714285714285]","[0.0, 1.0, 0.0]","[3.0, 3.0, 1.0]","[0.0, 4.0, 0.0]"
88646c,0.6556390622295666,29.336074729528878,"[0.75, 0.25, 0.0]","[0.0, 0.5, 0.5]","[3.0, 1.0, 0.0]","[0.0, 2.0, 2.0]"
43440n,0.42432629100389135,23.029939188629797,"[0.6, 0.2, 0.2]","[0.0, 0.75, 0.25]","[3.0, 1.0, 1.0]","[0.0, 3.0, 1.0]"
65650e,0.31127812445913294,18.931568569364202,"[0.5, 0.5, 0.0]","[0.0, 1.0, 0.0]","[3.0, 3.0, 0.0]","[0.0, 4.0, 0.0]"
54811c,0.39581560200335836,22.39595418838016,"[0.4, 0.4, 0.2]","[0.0, 1.0, 0.0]","[2.0, 2.0, 1.0]","[0.0, 4.0, 0.0]"
54383c,0.2934356963218768,9.593228035744838,"[0.25, 0.75, 0.0]","[0.0, 0.6666666666666666, 0.3333333333333333]","[1.0, 3.0, 0.0]","[0.0, 2.0, 1.0]"
144753n,0.45914791702724483,1.5849625006805783,"[1.0, 0.0, 0.0]","[0.3333333333333333, 0.6666666666666666, 0.0]","[3.0, 0.0, 0.0]","[1.0, 2.0, 0.0]"
82230e,0.31127812445913294,18.931568569364202,"[0.5, 0.5, 0.0]","[0.0, 1.0, 0.0]","[3.0, 3.0, 0.0]","[0.0, 4.0, 0.0]"
65130n,0.020720839623908173,0.08170416594534055,"[0.6666666666666666, 0.3333333333333333, 0.0]","[0.5, 0.5, 0.0]","[2.0, 1.0, 0.0]","[2.0, 2.0, 0.0]"
