folder,file,original_count,retained_count,reduction_rate,mean_sim_original,mean_sim_filtered,similarity_drop
103431n,E_second.txt,5,5,0.0,0.6002874374389648,0.6002874374389648,0.0
103431n,N_second.txt,5,5,0.0,0.41437309980392456,0.41437309980392456,0.0
103431n,C_second.txt,4,4,0.0,0.2999616861343384,0.2999616861343384,0.0
77654e,E_second.txt,1,1,0.0,,,
77654e,N_second.txt,4,4,0.0,0.3326484262943268,0.3326484262943268,0.0
77654e,C_second.txt,2,2,0.0,0.6313662528991699,0.6313662528991699,0.0
81356e,E_second.txt,2,2,0.0,0.6079797744750977,0.6079797744750977,0.0
81356e,N_second.txt,2,2,0.0,0.7829700112342834,0.7829700112342834,0.0
81356e,C_second.txt,2,2,0.0,0.4108372926712036,0.4108372926712036,0.0
52761e,E_second.txt,4,4,0.0,0.34007224440574646,0.34007224440574646,0.0
52761e,N_second.txt,3,3,0.0,0.4835699498653412,0.4835699498653412,0.0
52761e,C_second.txt,3,3,0.0,0.7803431153297424,0.7803431153297424,0.0
31249e,E_second.txt,4,4,0.0,0.544883668422699,0.544883668422699,0.0
31249e,N_second.txt,5,5,0.0,0.4646162986755371,0.4646162986755371,0.0
31249e,C_second.txt,5,5,0.0,0.48718762397766113,0.48718762397766113,0.0
84781c,E_second.txt,1,1,0.0,,,
84781c,N_second.txt,2,2,0.0,0.8034815788269043,0.8034815788269043,0.0
84781c,C_second.txt,3,3,0.0,0.5005039572715759,0.5005039572715759,0.0
32754n,E_second.txt,4,4,0.0,0.7108326554298401,0.7108326554298401,0.0
32754n,N_second.txt,2,2,0.0,0.47435808181762695,0.47435808181762695,0.0
32754n,C_second.txt,3,3,0.0,0.7356305718421936,0.7356305718421936,0.0
14126e,E_second.txt,2,2,0.0,0.6044229865074158,0.6044229865074158,0.0
14126e,N_second.txt,2,2,0.0,0.7510578036308289,0.7510578036308289,0.0
14126e,C_second.txt,2,2,0.0,0.6266826391220093,0.6266826391220093,0.0
72870n,E_second.txt,4,4,0.0,0.7761871218681335,0.7761871218681335,0.0
72870n,N_second.txt,4,4,0.0,0.39586421847343445,0.39586421847343445,0.0
72870n,C_second.txt,4,4,0.0,0.6979233622550964,0.6979233622550964,0.0
114458e,E_second.txt,3,3,0.0,0.4781549870967865,0.4781549870967865,0.0
114458e,N_second.txt,4,4,0.0,0.4818253219127655,0.4818253219127655,0.0
114458e,C_second.txt,4,4,0.0,0.39298883080482483,0.39298883080482483,0.0
135021n,E_second.txt,2,2,0.0,0.5377196073532104,0.5377196073532104,0.0
135021n,N_second.txt,3,3,0.0,0.5598655939102173,0.5598655939102173,0.0
135021n,C_second.txt,3,3,0.0,0.35157206654548645,0.35157206654548645,0.0
124839c,E_second.txt,3,3,0.0,0.5473464727401733,0.5473464727401733,0.0
124839c,N_second.txt,2,2,0.0,0.6347341537475586,0.6347341537475586,0.0
124839c,C_second.txt,4,4,0.0,0.5845984816551208,0.5845984816551208,0.0
49462c,E_second.txt,1,1,0.0,,,
49462c,N_second.txt,3,3,0.0,0.546100378036499,0.546100378036499,0.0
49462c,C_second.txt,3,3,0.0,0.4956146478652954,0.4956146478652954,0.0
54811c,E_second.txt,0,0,0.0,,,
54811c,N_second.txt,2,2,0.0,0.548804759979248,0.548804759979248,0.0
54811c,C_second.txt,2,2,0.0,0.5242843627929688,0.5242843627929688,0.0
102563n,E_second.txt,3,3,0.0,0.6463547348976135,0.6463547348976135,0.0
102563n,N_second.txt,4,4,0.0,0.5879665017127991,0.5879665017127991,0.0
102563n,C_second.txt,3,3,0.0,0.4203176498413086,0.4203176498413086,0.0
58016c,E_second.txt,0,0,0.0,,,
58016c,N_second.txt,2,2,0.0,0.6363266706466675,0.6363266706466675,0.0
58016c,C_second.txt,3,3,0.0,0.26619067788124084,0.26619067788124084,0.0
114492n,E_second.txt,3,3,0.0,0.5989772081375122,0.5989772081375122,0.0
114492n,N_second.txt,3,3,0.0,0.5038022994995117,0.5038022994995117,0.0
114492n,C_second.txt,2,2,0.0,0.716902494430542,0.716902494430542,0.0
6105e,E_second.txt,3,3,0.0,0.49392804503440857,0.49392804503440857,0.0
6105e,N_second.txt,3,3,0.0,0.5063230395317078,0.5063230395317078,0.0
6105e,C_second.txt,4,4,0.0,0.5940542817115784,0.5940542817115784,0.0
35700c,E_second.txt,0,0,0.0,,,
35700c,N_second.txt,4,4,0.0,0.3145642578601837,0.3145642578601837,0.0
35700c,C_second.txt,3,3,0.0,0.28284409642219543,0.28284409642219543,0.0
120323n,E_second.txt,2,2,0.0,0.760109007358551,0.760109007358551,0.0
120323n,N_second.txt,3,3,0.0,0.3633817136287689,0.3633817136287689,0.0
120323n,C_second.txt,2,2,0.0,0.31586986780166626,0.31586986780166626,0.0
96946n,E_second.txt,1,1,0.0,,,
96946n,N_second.txt,3,3,0.0,0.421021431684494,0.421021431684494,0.0
96946n,C_second.txt,3,3,0.0,0.29463234543800354,0.29463234543800354,0.0
13911n,E_second.txt,0,0,0.0,,,
13911n,N_second.txt,2,2,0.0,0.6430134773254395,0.6430134773254395,0.0
13911n,C_second.txt,3,3,0.0,0.5141980648040771,0.5141980648040771,0.0
56163c,E_second.txt,2,2,0.0,0.7114325761795044,0.7114325761795044,0.0
56163c,N_second.txt,3,3,0.0,0.3523772656917572,0.3523772656917572,0.0
56163c,C_second.txt,4,4,0.0,0.5036175847053528,0.5036175847053528,0.0
57454c,E_second.txt,1,1,0.0,,,
57454c,N_second.txt,1,1,0.0,,,
57454c,C_second.txt,2,2,0.0,0.5323938131332397,0.5323938131332397,0.0
125013e,E_second.txt,2,2,0.0,0.7397448420524597,0.7397448420524597,0.0
125013e,N_second.txt,2,2,0.0,0.3503763675689697,0.3503763675689697,0.0
125013e,C_second.txt,1,1,0.0,,,
58357c,E_second.txt,5,5,0.0,0.725679874420166,0.725679874420166,0.0
58357c,N_second.txt,2,2,0.0,0.6432154178619385,0.6432154178619385,0.0
58357c,C_second.txt,3,3,0.0,0.6990756392478943,0.6990756392478943,0.0
16494c,E_second.txt,0,0,0.0,,,
16494c,N_second.txt,3,3,0.0,0.6235877871513367,0.6235877871513367,0.0
16494c,C_second.txt,2,2,0.0,0.7936432361602783,0.7936432361602783,0.0
77116e,E_second.txt,1,1,0.0,,,
77116e,N_second.txt,3,3,0.0,0.7607572674751282,0.7607572674751282,0.0
77116e,C_second.txt,3,3,0.0,0.6524927020072937,0.6524927020072937,0.0
104805e,E_second.txt,5,5,0.0,0.41926831007003784,0.41926831007003784,0.0
104805e,N_second.txt,3,2,0.33333333333333337,0.9107100963592529,0.8737537860870361,0.0369563102722168
104805e,C_second.txt,2,2,0.0,0.7196190357208252,0.7196190357208252,0.0
53866e,E_second.txt,4,4,0.0,0.20386983454227448,0.20386983454227448,0.0
53866e,N_second.txt,3,3,0.0,0.7652389407157898,0.7652389407157898,0.0
53866e,C_second.txt,3,3,0.0,0.4827597439289093,0.4827597439289093,0.0
26372n,E_second.txt,4,4,0.0,0.25985756516456604,0.25985756516456604,0.0
26372n,N_second.txt,2,2,0.0,0.6543633937835693,0.6543633937835693,0.0
26372n,C_second.txt,1,1,0.0,,,
13387e,E_second.txt,1,1,0.0,,,
13387e,N_second.txt,2,2,0.0,0.3895909786224365,0.3895909786224365,0.0
13387e,C_second.txt,2,2,0.0,0.8496440052986145,0.8496440052986145,0.0
63218n,E_second.txt,4,4,0.0,0.3971637487411499,0.3971637487411499,0.0
63218n,N_second.txt,2,2,0.0,0.7342653274536133,0.7342653274536133,0.0
63218n,C_second.txt,3,3,0.0,0.46930161118507385,0.46930161118507385,0.0
54458n,E_second.txt,3,3,0.0,0.4599052965641022,0.4599052965641022,0.0
54458n,N_second.txt,3,3,0.0,0.3312452733516693,0.3312452733516693,0.0
54458n,C_second.txt,2,2,0.0,0.8962807059288025,0.8962807059288025,0.0
15100e,E_second.txt,3,3,0.0,0.4403684139251709,0.4403684139251709,0.0
15100e,N_second.txt,2,2,0.0,0.5357255935668945,0.5357255935668945,0.0
15100e,C_second.txt,2,2,0.0,0.3287210464477539,0.3287210464477539,0.0
19c,E_second.txt,1,1,0.0,,,
19c,N_second.txt,3,3,0.0,0.40186628699302673,0.40186628699302673,0.0
19c,C_second.txt,3,3,0.0,0.5340778231620789,0.5340778231620789,0.0
52171c,E_second.txt,0,0,0.0,,,
52171c,N_second.txt,2,2,0.0,0.4804410934448242,0.4804410934448242,0.0
52171c,C_second.txt,2,2,0.0,0.5256810188293457,0.5256810188293457,0.0
101525c,E_second.txt,3,3,0.0,0.678371250629425,0.678371250629425,0.0
101525c,N_second.txt,3,3,0.0,0.5866531729698181,0.5866531729698181,0.0
101525c,C_second.txt,2,2,0.0,0.5325905084609985,0.5325905084609985,0.0
98561e,E_second.txt,3,3,0.0,0.45729461312294006,0.45729461312294006,0.0
98561e,N_second.txt,3,3,0.0,0.3476285934448242,0.3476285934448242,0.0
98561e,C_second.txt,2,2,0.0,0.6606686115264893,0.6606686115264893,0.0
46650n,E_second.txt,1,1,0.0,,,
46650n,N_second.txt,4,3,0.25,0.5780031085014343,0.5129901766777039,0.06501293182373047
46650n,C_second.txt,2,2,0.0,0.5107920169830322,0.5107920169830322,0.0
43891n,E_second.txt,0,0,0.0,,,
43891n,N_second.txt,3,3,0.0,0.343918114900589,0.343918114900589,0.0
43891n,C_second.txt,2,2,0.0,0.4715465307235718,0.4715465307235718,0.0
91650n,E_second.txt,3,3,0.0,0.5476803183555603,0.5476803183555603,0.0
91650n,N_second.txt,3,3,0.0,0.4150170385837555,0.4150170385837555,0.0
91650n,C_second.txt,5,5,0.0,0.27390000224113464,0.27390000224113464,0.0
109278n,E_second.txt,3,3,0.0,0.6557132601737976,0.6557132601737976,0.0
109278n,N_second.txt,3,3,0.0,0.6826546788215637,0.6826546788215637,0.0
109278n,C_second.txt,4,4,0.0,0.5641101002693176,0.5641101002693176,0.0
103169n,E_second.txt,5,5,0.0,0.47900286316871643,0.47900286316871643,0.0
103169n,N_second.txt,3,3,0.0,0.4871702492237091,0.4871702492237091,0.0
103169n,C_second.txt,4,4,0.0,0.48713693022727966,0.48713693022727966,0.0
62238e,E_second.txt,4,4,0.0,0.4609028100967407,0.4609028100967407,0.0
62238e,N_second.txt,5,5,0.0,0.4012669622898102,0.4012669622898102,0.0
62238e,C_second.txt,4,4,0.0,0.5942851305007935,0.5942851305007935,0.0
46198c,E_second.txt,5,5,0.0,0.5737473368644714,0.5737473368644714,0.0
46198c,N_second.txt,2,2,0.0,0.4626582860946655,0.4626582860946655,0.0
46198c,C_second.txt,3,3,0.0,0.3768272399902344,0.3768272399902344,0.0
142604e,E_second.txt,0,0,0.0,,,
142604e,N_second.txt,5,5,0.0,0.5895746350288391,0.5895746350288391,0.0
142604e,C_second.txt,5,5,0.0,0.38145822286605835,0.38145822286605835,0.0
77590c,E_second.txt,3,3,0.0,0.5696259140968323,0.5696259140968323,0.0
77590c,N_second.txt,4,4,0.0,0.2947964668273926,0.2947964668273926,0.0
77590c,C_second.txt,4,4,0.0,0.48484158515930176,0.48484158515930176,0.0
83900e,E_second.txt,1,1,0.0,,,
83900e,N_second.txt,3,3,0.0,0.4587738513946533,0.4587738513946533,0.0
83900e,C_second.txt,2,2,0.0,0.8704783916473389,0.8704783916473389,0.0
837n,E_second.txt,4,4,0.0,0.8001251220703125,0.8001251220703125,0.0
837n,N_second.txt,3,3,0.0,0.5027888417243958,0.5027888417243958,0.0
837n,C_second.txt,4,4,0.0,0.491984486579895,0.491984486579895,0.0
16989c,E_second.txt,0,0,0.0,,,
16989c,N_second.txt,3,3,0.0,0.3856372535228729,0.3856372535228729,0.0
16989c,C_second.txt,3,3,0.0,0.5866772532463074,0.5866772532463074,0.0
23769n,E_second.txt,3,3,0.0,0.3531252443790436,0.3531252443790436,0.0
23769n,N_second.txt,2,2,0.0,0.15864777565002441,0.15864777565002441,0.0
23769n,C_second.txt,3,3,0.0,0.3497443199157715,0.3497443199157715,0.0
80109n,E_second.txt,3,3,0.0,0.5107949376106262,0.5107949376106262,0.0
80109n,N_second.txt,4,4,0.0,0.6778499484062195,0.6778499484062195,0.0
80109n,C_second.txt,4,4,0.0,0.5690819621086121,0.5690819621086121,0.0
84781e,E_second.txt,3,3,0.0,0.5053859949111938,0.5053859949111938,0.0
84781e,N_second.txt,3,3,0.0,0.6643773317337036,0.6643773317337036,0.0
84781e,C_second.txt,3,3,0.0,0.6007772088050842,0.6007772088050842,0.0
118415n,E_second.txt,3,3,0.0,0.5454419255256653,0.5454419255256653,0.0
118415n,N_second.txt,1,1,0.0,,,
118415n,C_second.txt,4,4,0.0,0.3864315450191498,0.3864315450191498,0.0
72875e,E_second.txt,4,4,0.0,0.5397636294364929,0.5397636294364929,0.0
72875e,N_second.txt,3,3,0.0,0.704566478729248,0.704566478729248,0.0
72875e,C_second.txt,2,2,0.0,0.48902595043182373,0.48902595043182373,0.0
128160n,E_second.txt,2,2,0.0,0.6946018934249878,0.6946018934249878,0.0
128160n,N_second.txt,2,2,0.0,0.09002023935317993,0.09002023935317993,0.0
128160n,C_second.txt,3,3,0.0,0.5861204266548157,0.5861204266548157,0.0
46003n,E_second.txt,4,4,0.0,0.4578617513179779,0.4578617513179779,0.0
46003n,N_second.txt,3,3,0.0,0.2386419028043747,0.2386419028043747,0.0
46003n,C_second.txt,5,5,0.0,0.40621671080589294,0.40621671080589294,0.0
26495e,E_second.txt,7,7,0.0,0.616963267326355,0.616963267326355,0.0
26495e,N_second.txt,4,4,0.0,0.6238412261009216,0.6238412261009216,0.0
26495e,C_second.txt,4,4,0.0,0.6237205266952515,0.6237205266952515,0.0
83247e,E_second.txt,3,3,0.0,0.26444435119628906,0.26444435119628906,0.0
83247e,N_second.txt,1,1,0.0,,,
83247e,C_second.txt,2,2,0.0,0.635460615158081,0.635460615158081,0.0
122062n,E_second.txt,4,4,0.0,0.48753753304481506,0.48753753304481506,0.0
122062n,N_second.txt,3,3,0.0,0.44597235321998596,0.44597235321998596,0.0
122062n,C_second.txt,3,3,0.0,0.5540380477905273,0.5540380477905273,0.0
89995c,E_second.txt,4,4,0.0,0.6754243969917297,0.6754243969917297,0.0
89995c,N_second.txt,2,2,0.0,0.7940938472747803,0.7940938472747803,0.0
89995c,C_second.txt,3,3,0.0,0.7573557496070862,0.7573557496070862,0.0
97926c,E_second.txt,1,1,0.0,,,
97926c,N_second.txt,3,3,0.0,0.32088354229927063,0.32088354229927063,0.0
97926c,C_second.txt,3,3,0.0,0.4687773883342743,0.4687773883342743,0.0
49807n,E_second.txt,0,0,0.0,,,
49807n,N_second.txt,2,2,0.0,0.3535017967224121,0.3535017967224121,0.0
49807n,C_second.txt,3,3,0.0,0.38740500807762146,0.38740500807762146,0.0
95186n,E_second.txt,5,5,0.0,0.652298092842102,0.652298092842102,0.0
95186n,N_second.txt,4,4,0.0,0.41349777579307556,0.41349777579307556,0.0
95186n,C_second.txt,3,3,0.0,0.6589846014976501,0.6589846014976501,0.0
129601e,E_second.txt,3,3,0.0,0.5381004214286804,0.5381004214286804,0.0
129601e,N_second.txt,2,2,0.0,0.8327665328979492,0.8327665328979492,0.0
129601e,C_second.txt,3,3,0.0,0.7947983741760254,0.7947983741760254,0.0
66225n,E_second.txt,1,1,0.0,,,
66225n,N_second.txt,4,4,0.0,0.48872697353363037,0.48872697353363037,0.0
66225n,C_second.txt,3,3,0.0,0.7189815640449524,0.7189815640449524,0.0
97520e,E_second.txt,1,1,0.0,,,
97520e,N_second.txt,3,3,0.0,0.4520171880722046,0.4520171880722046,0.0
97520e,C_second.txt,2,2,0.0,0.6471384763717651,0.6471384763717651,0.0
37407n,E_second.txt,1,1,0.0,,,
37407n,N_second.txt,4,4,0.0,0.4702146053314209,0.4702146053314209,0.0
37407n,C_second.txt,3,3,0.0,0.5364564061164856,0.5364564061164856,0.0
41052n,E_second.txt,3,3,0.0,0.44937458634376526,0.44937458634376526,0.0
41052n,N_second.txt,3,3,0.0,0.626703679561615,0.626703679561615,0.0
41052n,C_second.txt,3,3,0.0,0.638207733631134,0.638207733631134,0.0
97569e,E_second.txt,1,1,0.0,,,
97569e,N_second.txt,2,2,0.0,0.2268068790435791,0.2268068790435791,0.0
97569e,C_second.txt,2,2,0.0,0.8030059337615967,0.8030059337615967,0.0
102817c,E_second.txt,0,0,0.0,,,
102817c,N_second.txt,3,3,0.0,0.5121760368347168,0.5121760368347168,0.0
102817c,C_second.txt,2,2,0.0,0.7723594903945923,0.7723594903945923,0.0
139409e,E_second.txt,1,1,0.0,,,
139409e,N_second.txt,3,3,0.0,0.5259379744529724,0.5259379744529724,0.0
139409e,C_second.txt,3,3,0.0,0.4320821762084961,0.4320821762084961,0.0
57454e,E_second.txt,3,3,0.0,0.5040937066078186,0.5040937066078186,0.0
57454e,N_second.txt,4,4,0.0,0.541210949420929,0.541210949420929,0.0
57454e,C_second.txt,3,3,0.0,0.6741102337837219,0.6741102337837219,0.0
66689c,E_second.txt,0,0,0.0,,,
66689c,N_second.txt,1,1,0.0,,,
66689c,C_second.txt,1,1,0.0,,,
123703e,E_second.txt,0,0,0.0,,,
123703e,N_second.txt,3,3,0.0,0.6715983748435974,0.6715983748435974,0.0
123703e,C_second.txt,3,3,0.0,0.5182759165763855,0.5182759165763855,0.0
34573n,E_second.txt,5,5,0.0,0.31115320324897766,0.31115320324897766,0.0
34573n,N_second.txt,3,3,0.0,0.4326573312282562,0.4326573312282562,0.0
34573n,C_second.txt,3,3,0.0,0.3517817556858063,0.3517817556858063,0.0
133243e,E_second.txt,1,1,0.0,,,
133243e,N_second.txt,3,3,0.0,0.44797149300575256,0.44797149300575256,0.0
133243e,C_second.txt,3,3,0.0,0.671240508556366,0.671240508556366,0.0
40710n,E_second.txt,4,4,0.0,0.7027694582939148,0.7027694582939148,0.0
40710n,N_second.txt,4,4,0.0,0.6637894511222839,0.6637894511222839,0.0
40710n,C_second.txt,2,2,0.0,0.38037145137786865,0.38037145137786865,0.0
114971e,E_second.txt,3,3,0.0,0.7664259076118469,0.7664259076118469,0.0
114971e,N_second.txt,2,2,0.0,0.5505691766738892,0.5505691766738892,0.0
114971e,C_second.txt,2,2,0.0,0.7045674324035645,0.7045674324035645,0.0
80517e,E_second.txt,2,2,0.0,0.4214531183242798,0.4214531183242798,0.0
80517e,N_second.txt,5,5,0.0,0.29900866746902466,0.29900866746902466,0.0
80517e,C_second.txt,1,1,0.0,,,
30139n,E_second.txt,2,2,0.0,0.6052173972129822,0.6052173972129822,0.0
30139n,N_second.txt,3,3,0.0,0.58674556016922,0.58674556016922,0.0
30139n,C_second.txt,3,3,0.0,0.5414659380912781,0.5414659380912781,0.0
54327n,E_second.txt,2,2,0.0,0.4466404318809509,0.4466404318809509,0.0
54327n,N_second.txt,3,3,0.0,0.5125661492347717,0.5125661492347717,0.0
54327n,C_second.txt,3,3,0.0,0.2351502925157547,0.2351502925157547,0.0
120070n,E_second.txt,3,3,0.0,0.6364386081695557,0.6364386081695557,0.0
120070n,N_second.txt,2,2,0.0,0.33236193656921387,0.33236193656921387,0.0
120070n,C_second.txt,3,3,0.0,0.6335166096687317,0.6335166096687317,0.0
63013n,E_second.txt,4,4,0.0,0.5379942059516907,0.5379942059516907,0.0
63013n,N_second.txt,3,3,0.0,0.5767370462417603,0.5767370462417603,0.0
63013n,C_second.txt,4,4,0.0,0.5501752495765686,0.5501752495765686,0.0
144753n,E_second.txt,3,3,0.0,0.46374794840812683,0.46374794840812683,0.0
144753n,N_second.txt,3,3,0.0,0.46019792556762695,0.46019792556762695,0.0
144753n,C_second.txt,2,2,0.0,0.2839404344558716,0.2839404344558716,0.0
101253c,E_second.txt,1,1,0.0,,,
101253c,N_second.txt,1,1,0.0,,,
101253c,C_second.txt,1,1,0.0,,,
917c,E_second.txt,1,1,0.0,,,
917c,N_second.txt,8,8,0.0,0.5119942426681519,0.5119942426681519,0.0
917c,C_second.txt,6,6,0.0,0.4853420853614807,0.4853420853614807,0.0
132516n,E_second.txt,0,0,0.0,,,
132516n,N_second.txt,3,3,0.0,0.3690539598464966,0.3690539598464966,0.0
132516n,C_second.txt,3,3,0.0,0.647593080997467,0.647593080997467,0.0
79106e,E_second.txt,3,3,0.0,0.3836125135421753,0.3836125135421753,0.0
79106e,N_second.txt,2,2,0.0,0.45453739166259766,0.45453739166259766,0.0
79106e,C_second.txt,4,4,0.0,0.4833005666732788,0.4833005666732788,0.0
38477c,E_second.txt,0,0,0.0,,,
38477c,N_second.txt,2,2,0.0,0.8179107904434204,0.8179107904434204,0.0
38477c,C_second.txt,3,3,0.0,0.6582031846046448,0.6582031846046448,0.0
53074n,E_second.txt,1,1,0.0,,,
53074n,N_second.txt,2,2,0.0,0.4873521327972412,0.4873521327972412,0.0
53074n,C_second.txt,2,2,0.0,0.5806674957275391,0.5806674957275391,0.0
76947n,E_second.txt,1,1,0.0,,,
76947n,N_second.txt,2,2,0.0,0.6358228921890259,0.6358228921890259,0.0
76947n,C_second.txt,3,3,0.0,0.4132595956325531,0.4132595956325531,0.0
82230e,E_second.txt,3,3,0.0,0.5998223423957825,0.5998223423957825,0.0
82230e,N_second.txt,2,2,0.0,0.7505506277084351,0.7505506277084351,0.0
82230e,C_second.txt,4,4,0.0,0.6615560054779053,0.6615560054779053,0.0
138966n,E_second.txt,7,7,0.0,0.36823660135269165,0.36823660135269165,0.0
138966n,N_second.txt,5,5,0.0,0.6461427807807922,0.6461427807807922,0.0
138966n,C_second.txt,5,5,0.0,0.5222523808479309,0.5222523808479309,0.0
40486n,E_second.txt,3,3,0.0,0.54307621717453,0.54307621717453,0.0
40486n,N_second.txt,4,4,0.0,0.4257826507091522,0.4257826507091522,0.0
40486n,C_second.txt,3,3,0.0,0.45509836077690125,0.45509836077690125,0.0
21810n,E_second.txt,3,3,0.0,0.3142894506454468,0.3142894506454468,0.0
21810n,N_second.txt,2,2,0.0,0.23936676979064941,0.23936676979064941,0.0
21810n,C_second.txt,2,2,0.0,0.3068208694458008,0.3068208694458008,0.0
77875e,E_second.txt,4,4,0.0,0.34793710708618164,0.34793710708618164,0.0
77875e,N_second.txt,5,5,0.0,0.6666814684867859,0.6666814684867859,0.0
77875e,C_second.txt,3,3,0.0,0.7585020065307617,0.7585020065307617,0.0
104412e,E_second.txt,1,1,0.0,,,
104412e,N_second.txt,3,3,0.0,0.2435571402311325,0.2435571402311325,0.0
104412e,C_second.txt,2,2,0.0,0.3615633249282837,0.3615633249282837,0.0
23751e,E_second.txt,4,4,0.0,0.7353264689445496,0.7353264689445496,0.0
23751e,N_second.txt,3,3,0.0,0.46035733819007874,0.46035733819007874,0.0
23751e,C_second.txt,2,2,0.0,0.7467347383499146,0.7467347383499146,0.0
42388e,E_second.txt,3,3,0.0,0.7017142176628113,0.7017142176628113,0.0
42388e,N_second.txt,3,3,0.0,0.44171056151390076,0.44171056151390076,0.0
42388e,C_second.txt,3,3,0.0,0.42433443665504456,0.42433443665504456,0.0
113668n,E_second.txt,5,5,0.0,0.6040849685668945,0.6040849685668945,0.0
113668n,N_second.txt,3,3,0.0,0.5900300741195679,0.5900300741195679,0.0
113668n,C_second.txt,3,3,0.0,0.5717572569847107,0.5717572569847107,0.0
88605e,E_second.txt,5,5,0.0,0.6955325603485107,0.6955325603485107,0.0
88605e,N_second.txt,2,2,0.0,0.44941002130508423,0.44941002130508423,0.0
88605e,C_second.txt,4,4,0.0,0.6251785159111023,0.6251785159111023,0.0
80630e,E_second.txt,1,1,0.0,,,
80630e,N_second.txt,1,1,0.0,,,
80630e,C_second.txt,1,1,0.0,,,
125700e,E_second.txt,2,2,0.0,0.4274033308029175,0.4274033308029175,0.0
125700e,N_second.txt,3,3,0.0,0.5493601560592651,0.5493601560592651,0.0
125700e,C_second.txt,2,2,0.0,0.572131872177124,0.572131872177124,0.0
70047c,E_second.txt,4,4,0.0,0.49781203269958496,0.49781203269958496,0.0
70047c,N_second.txt,3,3,0.0,0.3587038815021515,0.3587038815021515,0.0
70047c,C_second.txt,2,2,0.0,0.8266040086746216,0.8266040086746216,0.0
140005c,E_second.txt,3,3,0.0,0.6137085556983948,0.6137085556983948,0.0
140005c,N_second.txt,3,3,0.0,0.5559678077697754,0.5559678077697754,0.0
140005c,C_second.txt,2,2,0.0,0.7189498543739319,0.7189498543739319,0.0
71251n,E_second.txt,4,4,0.0,0.36634358763694763,0.36634358763694763,0.0
71251n,N_second.txt,2,2,0.0,0.631507396697998,0.631507396697998,0.0
71251n,C_second.txt,2,2,0.0,0.23968768119812012,0.23968768119812012,0.0
109876n,E_second.txt,3,3,0.0,0.37622296810150146,0.37622296810150146,0.0
109876n,N_second.txt,3,3,0.0,0.49648556113243103,0.49648556113243103,0.0
109876n,C_second.txt,3,3,0.0,0.3341602385044098,0.3341602385044098,0.0
83722e,E_second.txt,4,4,0.0,0.6009119153022766,0.6009119153022766,0.0
83722e,N_second.txt,3,3,0.0,0.5141168832778931,0.5141168832778931,0.0
83722e,C_second.txt,2,2,0.0,0.39650774002075195,0.39650774002075195,0.0
20181n,E_second.txt,4,4,0.0,0.6145920157432556,0.6145920157432556,0.0
20181n,N_second.txt,4,4,0.0,0.5802685022354126,0.5802685022354126,0.0
20181n,C_second.txt,8,8,0.0,0.5352035164833069,0.5352035164833069,0.0
23280n,E_second.txt,4,4,0.0,0.7094783186912537,0.7094783186912537,0.0
23280n,N_second.txt,1,1,0.0,,,
23280n,C_second.txt,3,3,0.0,0.7146165370941162,0.7146165370941162,0.0
140782c,E_second.txt,0,0,0.0,,,
140782c,N_second.txt,3,3,0.0,0.5358855724334717,0.5358855724334717,0.0
140782c,C_second.txt,4,4,0.0,0.5494738221168518,0.5494738221168518,0.0
88646c,E_second.txt,3,3,0.0,0.39632394909858704,0.39632394909858704,0.0
88646c,N_second.txt,0,0,0.0,,,
88646c,C_second.txt,3,3,0.0,0.34191954135894775,0.34191954135894775,0.0
24385e,E_second.txt,2,2,0.0,0.8107715845108032,0.8107715845108032,0.0
24385e,N_second.txt,3,3,0.0,0.47014379501342773,0.47014379501342773,0.0
24385e,C_second.txt,3,3,0.0,0.520538330078125,0.520538330078125,0.0
22587e,E_second.txt,5,5,0.0,0.5660974979400635,0.5660974979400635,0.0
22587e,N_second.txt,1,1,0.0,,,
22587e,C_second.txt,3,3,0.0,0.5483527779579163,0.5483527779579163,0.0
42860n,E_second.txt,1,1,0.0,,,
42860n,N_second.txt,1,1,0.0,,,
42860n,C_second.txt,2,2,0.0,0.47601568698883057,0.47601568698883057,0.0
122645n,E_second.txt,1,1,0.0,,,
122645n,N_second.txt,4,4,0.0,0.5765247941017151,0.5765247941017151,0.0
122645n,C_second.txt,4,4,0.0,0.6391527056694031,0.6391527056694031,0.0
52854n,E_second.txt,1,1,0.0,,,
52854n,N_second.txt,2,2,0.0,0.48877400159835815,0.48877400159835815,0.0
52854n,C_second.txt,3,3,0.0,0.47665295004844666,0.47665295004844666,0.0
18428n,E_second.txt,2,2,0.0,0.7611809968948364,0.7611809968948364,0.0
18428n,N_second.txt,2,2,0.0,0.7015567421913147,0.7015567421913147,0.0
18428n,C_second.txt,4,4,0.0,0.6215713024139404,0.6215713024139404,0.0
43440n,E_second.txt,1,1,0.0,,,
43440n,N_second.txt,4,4,0.0,0.4836924076080322,0.4836924076080322,0.0
43440n,C_second.txt,3,3,0.0,0.49982428550720215,0.49982428550720215,0.0
98844n,E_second.txt,1,1,0.0,,,
98844n,N_second.txt,1,1,0.0,,,
98844n,C_second.txt,3,3,0.0,0.7021263241767883,0.7021263241767883,0.0
31113e,E_second.txt,2,2,0.0,0.5900020599365234,0.5900020599365234,0.0
31113e,N_second.txt,4,4,0.0,0.5212470293045044,0.5212470293045044,0.0
31113e,C_second.txt,3,3,0.0,0.5055606961250305,0.5055606961250305,0.0
100768n,E_second.txt,3,3,0.0,0.7387492060661316,0.7387492060661316,0.0
100768n,N_second.txt,3,3,0.0,0.6141785979270935,0.6141785979270935,0.0
100768n,C_second.txt,3,3,0.0,0.31755542755126953,0.31755542755126953,0.0
33822e,E_second.txt,3,3,0.0,0.4121357202529907,0.4121357202529907,0.0
33822e,N_second.txt,3,3,0.0,0.49331286549568176,0.49331286549568176,0.0
33822e,C_second.txt,3,3,0.0,0.37074899673461914,0.37074899673461914,0.0
106390n,E_second.txt,4,4,0.0,0.484849214553833,0.484849214553833,0.0
106390n,N_second.txt,2,2,0.0,0.4128931760787964,0.4128931760787964,0.0
106390n,C_second.txt,2,2,0.0,0.423983097076416,0.423983097076416,0.0
122928e,E_second.txt,1,1,0.0,,,
122928e,N_second.txt,4,4,0.0,0.7361649870872498,0.7361649870872498,0.0
122928e,C_second.txt,1,1,0.0,,,
78105e,E_second.txt,3,3,0.0,0.43689170479774475,0.43689170479774475,0.0
78105e,N_second.txt,3,3,0.0,0.6670206189155579,0.6670206189155579,0.0
78105e,C_second.txt,3,3,0.0,0.44541510939598083,0.44541510939598083,0.0
120896n,E_second.txt,5,5,0.0,0.2903250455856323,0.2903250455856323,0.0
120896n,N_second.txt,4,4,0.0,0.7014232277870178,0.7014232277870178,0.0
120896n,C_second.txt,4,4,0.0,0.37242603302001953,0.37242603302001953,0.0
91601n,E_second.txt,3,3,0.0,0.5077851414680481,0.5077851414680481,0.0
91601n,N_second.txt,3,3,0.0,0.5645567774772644,0.5645567774772644,0.0
91601n,C_second.txt,1,1,0.0,,,
88188e,E_second.txt,3,3,0.0,0.7977641224861145,0.7977641224861145,0.0
88188e,N_second.txt,1,1,0.0,,,
88188e,C_second.txt,3,3,0.0,0.6190423369407654,0.6190423369407654,0.0
1735n,E_second.txt,3,3,0.0,0.5821354985237122,0.5821354985237122,0.0
1735n,N_second.txt,3,3,0.0,0.6294235587120056,0.6294235587120056,0.0
1735n,C_second.txt,2,2,0.0,0.8541572093963623,0.8541572093963623,0.0
8487n,E_second.txt,3,3,0.0,0.48370790481567383,0.48370790481567383,0.0
8487n,N_second.txt,3,3,0.0,0.505831778049469,0.505831778049469,0.0
8487n,C_second.txt,2,2,0.0,0.7020376920700073,0.7020376920700073,0.0
70590c,E_second.txt,1,1,0.0,,,
70590c,N_second.txt,2,2,0.0,0.34883177280426025,0.34883177280426025,0.0
70590c,C_second.txt,1,1,0.0,,,
136752e,E_second.txt,5,5,0.0,0.5809822082519531,0.5809822082519531,0.0
136752e,N_second.txt,3,3,0.0,0.5872617959976196,0.5872617959976196,0.0
136752e,C_second.txt,1,1,0.0,,,
23751c,E_second.txt,0,0,0.0,,,
23751c,N_second.txt,3,3,0.0,0.7008642554283142,0.7008642554283142,0.0
23751c,C_second.txt,3,3,0.0,0.6333153247833252,0.6333153247833252,0.0
117089n,E_second.txt,2,2,0.0,0.6895911693572998,0.6895911693572998,0.0
117089n,N_second.txt,4,4,0.0,0.490490198135376,0.490490198135376,0.0
117089n,C_second.txt,2,2,0.0,0.5268161296844482,0.5268161296844482,0.0
113644n,E_second.txt,2,2,0.0,0.4335881471633911,0.4335881471633911,0.0
113644n,N_second.txt,2,2,0.0,0.5133401155471802,0.5133401155471802,0.0
113644n,C_second.txt,3,3,0.0,0.5031588673591614,0.5031588673591614,0.0
141293e,E_second.txt,1,1,0.0,,,
141293e,N_second.txt,1,1,0.0,,,
141293e,C_second.txt,1,1,0.0,,,
77893n,E_second.txt,3,3,0.0,0.5549573302268982,0.5549573302268982,0.0
77893n,N_second.txt,5,5,0.0,0.5758341550827026,0.5758341550827026,0.0
77893n,C_second.txt,4,4,0.0,0.5094471573829651,0.5094471573829651,0.0
12815n,E_second.txt,1,1,0.0,,,
12815n,N_second.txt,3,3,0.0,0.6263986229896545,0.6263986229896545,0.0
12815n,C_second.txt,2,2,0.0,0.8492965698242188,0.8492965698242188,0.0
67610c,E_second.txt,5,5,0.0,0.328935444355011,0.328935444355011,0.0
67610c,N_second.txt,2,2,0.0,0.5994861125946045,0.5994861125946045,0.0
67610c,C_second.txt,3,3,0.0,0.5797768235206604,0.5797768235206604,0.0
111338c,E_second.txt,0,0,0.0,,,
111338c,N_second.txt,2,2,0.0,0.14070892333984375,0.14070892333984375,0.0
111338c,C_second.txt,3,3,0.0,0.6762766242027283,0.6762766242027283,0.0
96956c,E_second.txt,5,5,0.0,0.6179310083389282,0.6179310083389282,0.0
96956c,N_second.txt,3,3,0.0,0.4240637719631195,0.4240637719631195,0.0
96956c,C_second.txt,3,3,0.0,0.6849868893623352,0.6849868893623352,0.0
13964e,E_second.txt,1,1,0.0,,,
13964e,N_second.txt,2,2,0.0,0.7614760398864746,0.7614760398864746,0.0
13964e,C_second.txt,2,2,0.0,0.7842620611190796,0.7842620611190796,0.0
99708e,E_second.txt,3,3,0.0,0.5338783860206604,0.5338783860206604,0.0
99708e,N_second.txt,3,3,0.0,0.4599684774875641,0.4599684774875641,0.0
99708e,C_second.txt,2,2,0.0,0.5248037576675415,0.5248037576675415,0.0
136097n,E_second.txt,3,3,0.0,0.6268095970153809,0.6268095970153809,0.0
136097n,N_second.txt,1,1,0.0,,,
136097n,C_second.txt,5,5,0.0,0.6282938718795776,0.6282938718795776,0.0
80808n,E_second.txt,4,4,0.0,0.3656172752380371,0.3656172752380371,0.0
80808n,N_second.txt,3,3,0.0,0.3765087425708771,0.3765087425708771,0.0
80808n,C_second.txt,3,3,0.0,0.38960298895835876,0.38960298895835876,0.0
73840n,E_second.txt,4,4,0.0,0.47619637846946716,0.47619637846946716,0.0
73840n,N_second.txt,4,4,0.0,0.6266899108886719,0.6266899108886719,0.0
73840n,C_second.txt,3,3,0.0,0.6288782954216003,0.6288782954216003,0.0
46059c,E_second.txt,1,1,0.0,,,
46059c,N_second.txt,3,3,0.0,0.7792885899543762,0.7792885899543762,0.0
46059c,C_second.txt,2,2,0.0,0.6047952175140381,0.6047952175140381,0.0
145495c,E_second.txt,0,0,0.0,,,
145495c,N_second.txt,2,2,0.0,0.7493205070495605,0.7493205070495605,0.0
145495c,C_second.txt,3,3,0.0,0.6503466963768005,0.6503466963768005,0.0
38527n,E_second.txt,2,2,0.0,0.5430257320404053,0.5430257320404053,0.0
38527n,N_second.txt,2,2,0.0,0.5658186674118042,0.5658186674118042,0.0
38527n,C_second.txt,3,3,0.0,0.5005336403846741,0.5005336403846741,0.0
21834e,E_second.txt,4,4,0.0,0.596205472946167,0.596205472946167,0.0
21834e,N_second.txt,3,3,0.0,0.5742983222007751,0.5742983222007751,0.0
21834e,C_second.txt,3,3,0.0,0.49012529850006104,0.49012529850006104,0.0
45774c,E_second.txt,5,5,0.0,0.5101081132888794,0.5101081132888794,0.0
45774c,N_second.txt,4,4,0.0,0.5447729229927063,0.5447729229927063,0.0
45774c,C_second.txt,3,3,0.0,0.3930065333843231,0.3930065333843231,0.0
73191n,E_second.txt,3,3,0.0,0.5217216610908508,0.5217216610908508,0.0
73191n,N_second.txt,3,3,0.0,0.3254793882369995,0.3254793882369995,0.0
73191n,C_second.txt,1,1,0.0,,,
47260n,E_second.txt,5,5,0.0,0.670257568359375,0.670257568359375,0.0
47260n,N_second.txt,3,3,0.0,0.4516325891017914,0.4516325891017914,0.0
47260n,C_second.txt,2,2,0.0,0.4837299585342407,0.4837299585342407,0.0
23414c,E_second.txt,5,5,0.0,0.49958452582359314,0.49958452582359314,0.0
23414c,N_second.txt,3,3,0.0,0.3708725869655609,0.3708725869655609,0.0
23414c,C_second.txt,4,4,0.0,0.4048508405685425,0.4048508405685425,0.0
17576n,E_second.txt,1,1,0.0,,,
17576n,N_second.txt,2,2,0.0,0.3765817880630493,0.3765817880630493,0.0
17576n,C_second.txt,3,3,0.0,0.49659430980682373,0.49659430980682373,0.0
49396e,E_second.txt,2,2,0.0,0.5550786256790161,0.5550786256790161,0.0
49396e,N_second.txt,3,3,0.0,0.6269308924674988,0.6269308924674988,0.0
49396e,C_second.txt,4,4,0.0,0.512028157711029,0.512028157711029,0.0
19768c,E_second.txt,1,1,0.0,,,
19768c,N_second.txt,2,2,0.0,0.5560529232025146,0.5560529232025146,0.0
19768c,C_second.txt,2,2,0.0,0.39724040031433105,0.39724040031433105,0.0
36811c,E_second.txt,3,3,0.0,0.5421128869056702,0.5421128869056702,0.0
36811c,N_second.txt,4,4,0.0,0.41729989647865295,0.41729989647865295,0.0
36811c,C_second.txt,3,3,0.0,0.4577430188655853,0.4577430188655853,0.0
118403n,E_second.txt,1,1,0.0,,,
118403n,N_second.txt,3,3,0.0,0.48751702904701233,0.48751702904701233,0.0
118403n,C_second.txt,3,3,0.0,0.7107403874397278,0.7107403874397278,0.0
23583e,E_second.txt,0,0,0.0,,,
23583e,N_second.txt,1,1,0.0,,,
23583e,C_second.txt,2,2,0.0,0.6351902484893799,0.6351902484893799,0.0
36715e,E_second.txt,1,1,0.0,,,
36715e,N_second.txt,2,2,0.0,0.7415704727172852,0.7415704727172852,0.0
36715e,C_second.txt,2,2,0.0,0.7481971979141235,0.7481971979141235,0.0
16996e,E_second.txt,2,2,0.0,0.7407181262969971,0.7407181262969971,0.0
16996e,N_second.txt,3,3,0.0,0.5123233199119568,0.5123233199119568,0.0
16996e,C_second.txt,4,4,0.0,0.5625248551368713,0.5625248551368713,0.0
90548e,E_second.txt,2,2,0.0,0.8575729131698608,0.8575729131698608,0.0
90548e,N_second.txt,2,2,0.0,0.5329274535179138,0.5329274535179138,0.0
90548e,C_second.txt,2,2,0.0,0.8554366827011108,0.8554366827011108,0.0
59934n,E_second.txt,0,0,0.0,,,
59934n,N_second.txt,2,2,0.0,0.7526448965072632,0.7526448965072632,0.0
59934n,C_second.txt,3,3,0.0,0.6827427744865417,0.6827427744865417,0.0
82510c,E_second.txt,1,1,0.0,,,
82510c,N_second.txt,2,2,0.0,0.693831205368042,0.693831205368042,0.0
82510c,C_second.txt,2,2,0.0,0.6358175277709961,0.6358175277709961,0.0
28306c,E_second.txt,2,2,0.0,0.5358513593673706,0.5358513593673706,0.0
28306c,N_second.txt,3,3,0.0,0.5813180804252625,0.5813180804252625,0.0
28306c,C_second.txt,2,2,0.0,0.5505613088607788,0.5505613088607788,0.0
5087e,E_second.txt,5,5,0.0,0.38810107111930847,0.38810107111930847,0.0
5087e,N_second.txt,5,5,0.0,0.5288384556770325,0.5288384556770325,0.0
5087e,C_second.txt,4,4,0.0,0.3630808889865875,0.3630808889865875,0.0
143789n,E_second.txt,5,5,0.0,0.4817449450492859,0.4817449450492859,0.0
143789n,N_second.txt,3,3,0.0,0.48657140135765076,0.48657140135765076,0.0
143789n,C_second.txt,2,2,0.0,0.6435286998748779,0.6435286998748779,0.0
130869n,E_second.txt,0,0,0.0,,,
130869n,N_second.txt,1,1,0.0,,,
130869n,C_second.txt,1,1,0.0,,,
133597n,E_second.txt,5,5,0.0,0.6536388397216797,0.6536388397216797,0.0
133597n,N_second.txt,2,2,0.0,0.3471038341522217,0.3471038341522217,0.0
133597n,C_second.txt,5,5,0.0,0.5102910995483398,0.5102910995483398,0.0
105561e,E_second.txt,3,3,0.0,0.6098242998123169,0.6098242998123169,0.0
105561e,N_second.txt,2,2,0.0,0.5375783443450928,0.5375783443450928,0.0
105561e,C_second.txt,2,2,0.0,0.7654238939285278,0.7654238939285278,0.0
69975n,E_second.txt,3,3,0.0,0.6455769538879395,0.6455769538879395,0.0
69975n,N_second.txt,3,3,0.0,0.6445543169975281,0.6445543169975281,0.0
69975n,C_second.txt,4,4,0.0,0.4936286509037018,0.4936286509037018,0.0
56743e,E_second.txt,1,1,0.0,,,
56743e,N_second.txt,2,2,0.0,0.7177356481552124,0.7177356481552124,0.0
56743e,C_second.txt,2,2,0.0,0.4561879634857178,0.4561879634857178,0.0
61818n,E_second.txt,0,0,0.0,,,
61818n,N_second.txt,3,3,0.0,0.7130914330482483,0.7130914330482483,0.0
61818n,C_second.txt,3,3,0.0,0.6332276463508606,0.6332276463508606,0.0
129081e,E_second.txt,1,1,0.0,,,
129081e,N_second.txt,1,1,0.0,,,
129081e,C_second.txt,3,3,0.0,0.6190414428710938,0.6190414428710938,0.0
111243n,E_second.txt,1,1,0.0,,,
111243n,N_second.txt,1,1,0.0,,,
111243n,C_second.txt,2,2,0.0,0.6481006145477295,0.6481006145477295,0.0
94674c,E_second.txt,1,1,0.0,,,
94674c,N_second.txt,2,2,0.0,0.4582473635673523,0.4582473635673523,0.0
94674c,C_second.txt,2,2,0.0,0.7670248746871948,0.7670248746871948,0.0
111338e,E_second.txt,1,1,0.0,,,
111338e,N_second.txt,1,1,0.0,,,
111338e,C_second.txt,2,2,0.0,0.5331677794456482,0.5331677794456482,0.0
5193n,E_second.txt,3,3,0.0,0.45872607827186584,0.45872607827186584,0.0
5193n,N_second.txt,3,3,0.0,0.560569167137146,0.560569167137146,0.0
5193n,C_second.txt,0,0,0.0,,,
23642n,E_second.txt,1,1,0.0,,,
23642n,N_second.txt,2,2,0.0,0.5090146064758301,0.5090146064758301,0.0
23642n,C_second.txt,2,2,0.0,0.859100341796875,0.859100341796875,0.0
65650e,E_second.txt,1,1,0.0,,,
65650e,N_second.txt,2,2,0.0,0.7735837697982788,0.7735837697982788,0.0
65650e,C_second.txt,3,3,0.0,0.6780896782875061,0.6780896782875061,0.0
19803e,E_second.txt,2,2,0.0,0.7296731472015381,0.7296731472015381,0.0
19803e,N_second.txt,3,3,0.0,0.5884535908699036,0.5884535908699036,0.0
19803e,C_second.txt,3,3,0.0,0.46033963561058044,0.46033963561058044,0.0
47798n,E_second.txt,1,1,0.0,,,
47798n,N_second.txt,5,5,0.0,0.289095014333725,0.289095014333725,0.0
47798n,C_second.txt,2,2,0.0,0.6029338836669922,0.6029338836669922,0.0
134103n,E_second.txt,3,3,0.0,0.705087423324585,0.705087423324585,0.0
134103n,N_second.txt,2,2,0.0,0.5855050086975098,0.5855050086975098,0.0
134103n,C_second.txt,2,2,0.0,0.7741248607635498,0.7741248607635498,0.0
55888c,E_second.txt,1,1,0.0,,,
55888c,N_second.txt,4,4,0.0,0.5716971755027771,0.5716971755027771,0.0
55888c,C_second.txt,2,2,0.0,0.768501877784729,0.768501877784729,0.0
84055n,E_second.txt,1,1,0.0,,,
84055n,N_second.txt,3,3,0.0,0.6903228163719177,0.6903228163719177,0.0
84055n,C_second.txt,2,2,0.0,0.7484877109527588,0.7484877109527588,0.0
48222n,E_second.txt,3,3,0.0,0.35421696305274963,0.35421696305274963,0.0
48222n,N_second.txt,3,3,0.0,0.3218659460544586,0.3218659460544586,0.0
48222n,C_second.txt,1,1,0.0,,,
138285n,E_second.txt,3,3,0.0,0.7377510666847229,0.7377510666847229,0.0
138285n,N_second.txt,3,3,0.0,0.6725900769233704,0.6725900769233704,0.0
138285n,C_second.txt,3,3,0.0,0.6046931743621826,0.6046931743621826,0.0
32889n,E_second.txt,0,0,0.0,,,
32889n,N_second.txt,3,3,0.0,0.6651206612586975,0.6651206612586975,0.0
32889n,C_second.txt,3,3,0.0,0.6242824196815491,0.6242824196815491,0.0
126486n,E_second.txt,4,4,0.0,0.6559957265853882,0.6559957265853882,0.0
126486n,N_second.txt,4,4,0.0,0.718808650970459,0.718808650970459,0.0
126486n,C_second.txt,3,3,0.0,0.6503064632415771,0.6503064632415771,0.0
111680e,E_second.txt,1,1,0.0,,,
111680e,N_second.txt,3,3,0.0,0.6768364310264587,0.6768364310264587,0.0
111680e,C_second.txt,2,2,0.0,0.69710373878479,0.69710373878479,0.0
82700c,E_second.txt,1,1,0.0,,,
82700c,N_second.txt,3,3,0.0,0.6207426190376282,0.6207426190376282,0.0
82700c,C_second.txt,3,3,0.0,0.5095705986022949,0.5095705986022949,0.0
113039e,E_second.txt,1,1,0.0,,,
113039e,N_second.txt,1,1,0.0,,,
113039e,C_second.txt,1,1,0.0,,,
82510e,E_second.txt,3,3,0.0,0.42176008224487305,0.42176008224487305,0.0
82510e,N_second.txt,3,3,0.0,0.42815354466438293,0.42815354466438293,0.0
82510e,C_second.txt,3,3,0.0,0.5966863632202148,0.5966863632202148,0.0
123038e,E_second.txt,3,3,0.0,0.4675635099411011,0.4675635099411011,0.0
123038e,N_second.txt,3,3,0.0,0.5070833563804626,0.5070833563804626,0.0
123038e,C_second.txt,2,2,0.0,0.46064090728759766,0.46064090728759766,0.0
58954c,E_second.txt,0,0,0.0,,,
58954c,N_second.txt,3,3,0.0,0.4440353810787201,0.4440353810787201,0.0
58954c,C_second.txt,3,3,0.0,0.41539838910102844,0.41539838910102844,0.0
135247c,E_second.txt,0,0,0.0,,,
135247c,N_second.txt,2,2,0.0,0.6798893213272095,0.6798893213272095,0.0
135247c,C_second.txt,1,1,0.0,,,
113967e,E_second.txt,1,1,0.0,,,
113967e,N_second.txt,3,3,0.0,0.5624790787696838,0.5624790787696838,0.0
113967e,C_second.txt,3,3,0.0,0.5621759295463562,0.5621759295463562,0.0
115821n,E_second.txt,5,5,0.0,0.5410006046295166,0.5410006046295166,0.0
115821n,N_second.txt,5,5,0.0,0.3841739296913147,0.3841739296913147,0.0
115821n,C_second.txt,3,3,0.0,0.3075576722621918,0.3075576722621918,0.0
137319n,E_second.txt,2,2,0.0,0.5225734710693359,0.5225734710693359,0.0
137319n,N_second.txt,2,2,0.0,0.42387664318084717,0.42387664318084717,0.0
137319n,C_second.txt,2,2,0.0,0.6283578872680664,0.6283578872680664,0.0
91797c,E_second.txt,0,0,0.0,,,
91797c,N_second.txt,3,3,0.0,0.41429075598716736,0.41429075598716736,0.0
91797c,C_second.txt,2,2,0.0,0.39502203464508057,0.39502203464508057,0.0
10547c,E_second.txt,1,1,0.0,,,
10547c,N_second.txt,2,2,0.0,0.31488752365112305,0.31488752365112305,0.0
10547c,C_second.txt,2,2,0.0,0.7481729984283447,0.7481729984283447,0.0
45605n,E_second.txt,1,1,0.0,,,
45605n,N_second.txt,3,3,0.0,0.5140969157218933,0.5140969157218933,0.0
45605n,C_second.txt,2,2,0.0,0.7828670740127563,0.7828670740127563,0.0
14459n,E_second.txt,1,1,0.0,,,
14459n,N_second.txt,3,3,0.0,0.6186155676841736,0.6186155676841736,0.0
14459n,C_second.txt,2,2,0.0,0.6984354257583618,0.6984354257583618,0.0
15771c,E_second.txt,0,0,0.0,,,
15771c,N_second.txt,3,3,0.0,0.431854248046875,0.431854248046875,0.0
15771c,C_second.txt,2,2,0.0,0.47091126441955566,0.47091126441955566,0.0
116059n,E_second.txt,4,4,0.0,0.47822055220603943,0.47822055220603943,0.0
116059n,N_second.txt,4,4,0.0,0.4295673370361328,0.4295673370361328,0.0
116059n,C_second.txt,4,4,0.0,0.6094815135002136,0.6094815135002136,0.0
105196n,E_second.txt,1,1,0.0,,,
105196n,N_second.txt,2,2,0.0,0.5795994997024536,0.5795994997024536,0.0
105196n,C_second.txt,4,4,0.0,0.5623086094856262,0.5623086094856262,0.0
26143n,E_second.txt,4,4,0.0,0.6127579808235168,0.6127579808235168,0.0
26143n,N_second.txt,4,4,0.0,0.4505256116390228,0.4505256116390228,0.0
26143n,C_second.txt,3,3,0.0,0.6249762177467346,0.6249762177467346,0.0
134655c,E_second.txt,0,0,0.0,,,
134655c,N_second.txt,1,1,0.0,,,
134655c,C_second.txt,1,1,0.0,,,
30894c,E_second.txt,4,4,0.0,0.7063124179840088,0.7063124179840088,0.0
30894c,N_second.txt,2,2,0.0,0.20510315895080566,0.20510315895080566,0.0
30894c,C_second.txt,3,3,0.0,0.47446107864379883,0.47446107864379883,0.0
66858n,E_second.txt,7,7,0.0,0.49250903725624084,0.49250903725624084,0.0
66858n,N_second.txt,5,5,0.0,0.6327672004699707,0.6327672004699707,0.0
66858n,C_second.txt,5,5,0.0,0.6088564991950989,0.6088564991950989,0.0
24103n,E_second.txt,5,5,0.0,0.45425906777381897,0.45425906777381897,0.0
24103n,N_second.txt,3,3,0.0,0.7773089408874512,0.7773089408874512,0.0
24103n,C_second.txt,5,5,0.0,0.32008519768714905,0.32008519768714905,0.0
124037n,E_second.txt,1,1,0.0,,,
124037n,N_second.txt,2,2,0.0,0.6376721858978271,0.6376721858978271,0.0
124037n,C_second.txt,2,2,0.0,0.4752352237701416,0.4752352237701416,0.0
123748n,E_second.txt,1,1,0.0,,,
123748n,N_second.txt,1,1,0.0,,,
123748n,C_second.txt,3,3,0.0,0.3935163915157318,0.3935163915157318,0.0
100792c,E_second.txt,0,0,0.0,,,
100792c,N_second.txt,2,2,0.0,0.6113787889480591,0.6113787889480591,0.0
100792c,C_second.txt,3,3,0.0,0.36666417121887207,0.36666417121887207,0.0
53468n,E_second.txt,1,1,0.0,,,
53468n,N_second.txt,3,3,0.0,0.4532608985900879,0.4532608985900879,0.0
53468n,C_second.txt,3,3,0.0,0.6619226336479187,0.6619226336479187,0.0
134514c,E_second.txt,0,0,0.0,,,
134514c,N_second.txt,0,0,0.0,,,
134514c,C_second.txt,2,2,0.0,0.5403404235839844,0.5403404235839844,0.0
100895c,E_second.txt,1,1,0.0,,,
100895c,N_second.txt,4,4,0.0,0.5799092650413513,0.5799092650413513,0.0
100895c,C_second.txt,5,5,0.0,0.5418127775192261,0.5418127775192261,0.0
91709c,E_second.txt,2,2,0.0,0.702427864074707,0.702427864074707,0.0
91709c,N_second.txt,4,3,0.25,0.743288516998291,0.6828381419181824,0.06045037508010864
91709c,C_second.txt,3,3,0.0,0.4264249801635742,0.4264249801635742,0.0
49172n,E_second.txt,5,5,0.0,0.3961353898048401,0.3961353898048401,0.0
49172n,N_second.txt,2,2,0.0,0.4295542240142822,0.4295542240142822,0.0
49172n,C_second.txt,2,2,0.0,0.6437143087387085,0.6437143087387085,0.0
62273n,E_second.txt,3,3,0.0,0.5842830538749695,0.5842830538749695,0.0
62273n,N_second.txt,3,3,0.0,0.619719386100769,0.619719386100769,0.0
62273n,C_second.txt,3,3,0.0,0.2187867909669876,0.2187867909669876,0.0
98739n,E_second.txt,5,5,0.0,0.5101398229598999,0.5101398229598999,0.0
98739n,N_second.txt,4,4,0.0,0.31436488032341003,0.31436488032341003,0.0
98739n,C_second.txt,3,3,0.0,0.29588210582733154,0.29588210582733154,0.0
117680c,E_second.txt,1,1,0.0,,,
117680c,N_second.txt,1,1,0.0,,,
117680c,C_second.txt,1,1,0.0,,,
21957n,E_second.txt,4,4,0.0,0.6093549132347107,0.6093549132347107,0.0
21957n,N_second.txt,5,5,0.0,0.49682503938674927,0.49682503938674927,0.0
21957n,C_second.txt,4,4,0.0,0.6053047776222229,0.6053047776222229,0.0
76957c,E_second.txt,1,1,0.0,,,
76957c,N_second.txt,2,2,0.0,0.5844041109085083,0.5844041109085083,0.0
76957c,C_second.txt,3,3,0.0,0.5014436841011047,0.5014436841011047,0.0
24163e,E_second.txt,4,4,0.0,0.6498016715049744,0.6498016715049744,0.0
24163e,N_second.txt,4,4,0.0,0.38597938418388367,0.38597938418388367,0.0
24163e,C_second.txt,3,3,0.0,0.6566043496131897,0.6566043496131897,0.0
17660e,E_second.txt,2,2,0.0,0.6511502265930176,0.6511502265930176,0.0
17660e,N_second.txt,3,3,0.0,0.7700121998786926,0.7700121998786926,0.0
17660e,C_second.txt,2,2,0.0,0.5895787477493286,0.5895787477493286,0.0
45306n,E_second.txt,3,3,0.0,0.5097904801368713,0.5097904801368713,0.0
45306n,N_second.txt,3,3,0.0,0.6460463404655457,0.6460463404655457,0.0
45306n,C_second.txt,2,2,0.0,0.41674554347991943,0.41674554347991943,0.0
24126n,E_second.txt,6,6,0.0,0.6188530325889587,0.6188530325889587,0.0
24126n,N_second.txt,1,1,0.0,,,
24126n,C_second.txt,6,6,0.0,0.5748923420906067,0.5748923420906067,0.0
7856c,E_second.txt,2,2,0.0,0.6258435249328613,0.6258435249328613,0.0
7856c,N_second.txt,5,5,0.0,0.48353782296180725,0.48353782296180725,0.0
7856c,C_second.txt,6,6,0.0,0.3845924437046051,0.3845924437046051,0.0
75259c,E_second.txt,0,0,0.0,,,
75259c,N_second.txt,3,2,0.33333333333333337,0.8315918445587158,0.8422602415084839,-0.010668396949768066
75259c,C_second.txt,2,2,0.0,0.7269599437713623,0.7269599437713623,0.0
77025c,E_second.txt,3,3,0.0,0.4525386095046997,0.4525386095046997,0.0
77025c,N_second.txt,3,3,0.0,0.741086483001709,0.741086483001709,0.0
77025c,C_second.txt,3,3,0.0,0.5190067887306213,0.5190067887306213,0.0
46576e,E_second.txt,5,5,0.0,0.6820552945137024,0.6820552945137024,0.0
46576e,N_second.txt,4,4,0.0,0.3808797597885132,0.3808797597885132,0.0
46576e,C_second.txt,3,3,0.0,0.43632784485816956,0.43632784485816956,0.0
25437n,E_second.txt,2,2,0.0,0.5271068811416626,0.5271068811416626,0.0
25437n,N_second.txt,2,2,0.0,0.7760199308395386,0.7760199308395386,0.0
25437n,C_second.txt,2,2,0.0,0.697227954864502,0.697227954864502,0.0
77299n,E_second.txt,3,3,0.0,0.4756946563720703,0.4756946563720703,0.0
77299n,N_second.txt,3,3,0.0,0.6590185761451721,0.6590185761451721,0.0
77299n,C_second.txt,2,2,0.0,0.623485803604126,0.623485803604126,0.0
9393n,E_second.txt,1,1,0.0,,,
9393n,N_second.txt,2,2,0.0,0.5564521551132202,0.5564521551132202,0.0
9393n,C_second.txt,2,2,0.0,0.7433944940567017,0.7433944940567017,0.0
50484c,E_second.txt,1,1,0.0,,,
50484c,N_second.txt,3,3,0.0,0.5881889462471008,0.5881889462471008,0.0
50484c,C_second.txt,2,2,0.0,0.5182535648345947,0.5182535648345947,0.0
138530e,E_second.txt,5,5,0.0,0.7069162130355835,0.7069162130355835,0.0
138530e,N_second.txt,3,3,0.0,0.682408332824707,0.682408332824707,0.0
138530e,C_second.txt,3,3,0.0,0.7360730767250061,0.7360730767250061,0.0
98621n,E_second.txt,3,3,0.0,0.531635582447052,0.531635582447052,0.0
98621n,N_second.txt,5,5,0.0,0.7228681445121765,0.7228681445121765,0.0
98621n,C_second.txt,5,5,0.0,0.7018495202064514,0.7018495202064514,0.0
11303n,E_second.txt,2,2,0.0,0.6124387383460999,0.6124387383460999,0.0
11303n,N_second.txt,2,2,0.0,0.6952176094055176,0.6952176094055176,0.0
11303n,C_second.txt,3,3,0.0,0.5192726254463196,0.5192726254463196,0.0
82415n,E_second.txt,1,1,0.0,,,
82415n,N_second.txt,2,2,0.0,0.6865435838699341,0.6865435838699341,0.0
82415n,C_second.txt,1,1,0.0,,,
66185c,E_second.txt,2,2,0.0,0.6958940029144287,0.6958940029144287,0.0
66185c,N_second.txt,3,3,0.0,0.7970759272575378,0.7970759272575378,0.0
66185c,C_second.txt,2,2,0.0,0.4948846101760864,0.4948846101760864,0.0
105769c,E_second.txt,2,2,0.0,0.7733505964279175,0.7733505964279175,0.0
105769c,N_second.txt,1,1,0.0,,,
105769c,C_second.txt,2,2,0.0,0.2303786277770996,0.2303786277770996,0.0
19668c,E_second.txt,0,0,0.0,,,
19668c,N_second.txt,3,3,0.0,0.4868350923061371,0.4868350923061371,0.0
19668c,C_second.txt,2,2,0.0,0.4094947576522827,0.4094947576522827,0.0
18189e,E_second.txt,3,3,0.0,0.4040262997150421,0.4040262997150421,0.0
18189e,N_second.txt,3,3,0.0,0.49421751499176025,0.49421751499176025,0.0
18189e,C_second.txt,3,3,0.0,0.5224077105522156,0.5224077105522156,0.0
142643c,E_second.txt,1,1,0.0,,,
142643c,N_second.txt,3,3,0.0,0.7409964203834534,0.7409964203834534,0.0
142643c,C_second.txt,3,3,0.0,0.6048880219459534,0.6048880219459534,0.0
91913n,E_second.txt,4,4,0.0,0.574205219745636,0.574205219745636,0.0
91913n,N_second.txt,4,4,0.0,0.3953717052936554,0.3953717052936554,0.0
91913n,C_second.txt,3,3,0.0,0.3871218264102936,0.3871218264102936,0.0
22235n,E_second.txt,3,3,0.0,0.5684698224067688,0.5684698224067688,0.0
22235n,N_second.txt,3,3,0.0,0.4364970624446869,0.4364970624446869,0.0
22235n,C_second.txt,2,2,0.0,0.7527742385864258,0.7527742385864258,0.0
105179c,E_second.txt,3,3,0.0,0.655986487865448,0.655986487865448,0.0
105179c,N_second.txt,3,3,0.0,0.578319787979126,0.578319787979126,0.0
105179c,C_second.txt,2,2,0.0,0.7561864852905273,0.7561864852905273,0.0
10916n,E_second.txt,2,2,0.0,0.4621931314468384,0.4621931314468384,0.0
10916n,N_second.txt,5,5,0.0,0.434586763381958,0.434586763381958,0.0
10916n,C_second.txt,3,2,0.33333333333333337,0.47171714901924133,0.2675422430038452,0.20417490601539612
122322e,E_second.txt,3,3,0.0,0.7004823684692383,0.7004823684692383,0.0
122322e,N_second.txt,1,1,0.0,,,
122322e,C_second.txt,3,3,0.0,0.6233353018760681,0.6233353018760681,0.0
75572n,E_second.txt,6,6,0.0,0.49244919419288635,0.49244919419288635,0.0
75572n,N_second.txt,1,1,0.0,,,
75572n,C_second.txt,1,1,0.0,,,
56582n,E_second.txt,2,2,0.0,0.4630577564239502,0.4630577564239502,0.0
56582n,N_second.txt,2,2,0.0,0.7209731340408325,0.7209731340408325,0.0
56582n,C_second.txt,2,2,0.0,0.5250149965286255,0.5250149965286255,0.0
132525n,E_second.txt,2,2,0.0,0.7827870845794678,0.7827870845794678,0.0
132525n,N_second.txt,2,2,0.0,0.7213777303695679,0.7213777303695679,0.0
132525n,C_second.txt,3,3,0.0,0.8161936402320862,0.8161936402320862,0.0
2133n,E_second.txt,0,0,0.0,,,
2133n,N_second.txt,3,3,0.0,0.5667056441307068,0.5667056441307068,0.0
2133n,C_second.txt,4,4,0.0,0.31935569643974304,0.31935569643974304,0.0
139362e,E_second.txt,1,1,0.0,,,
139362e,N_second.txt,2,2,0.0,0.29430317878723145,0.29430317878723145,0.0
139362e,C_second.txt,2,2,0.0,0.5347414612770081,0.5347414612770081,0.0
135251n,E_second.txt,2,2,0.0,0.7615818977355957,0.7615818977355957,0.0
135251n,N_second.txt,3,3,0.0,0.5326862931251526,0.5326862931251526,0.0
135251n,C_second.txt,2,2,0.0,0.7734442949295044,0.7734442949295044,0.0
10724n,E_second.txt,3,3,0.0,0.4797942340373993,0.4797942340373993,0.0
10724n,N_second.txt,4,4,0.0,0.6448777318000793,0.6448777318000793,0.0
10724n,C_second.txt,2,2,0.0,0.5464876890182495,0.5464876890182495,0.0
48553c,E_second.txt,0,0,0.0,,,
48553c,N_second.txt,2,2,0.0,0.4160795211791992,0.4160795211791992,0.0
48553c,C_second.txt,3,3,0.0,0.41192296147346497,0.41192296147346497,0.0
121910e,E_second.txt,0,0,0.0,,,
121910e,N_second.txt,2,2,0.0,0.6563379764556885,0.6563379764556885,0.0
121910e,C_second.txt,2,2,0.0,0.47702252864837646,0.47702252864837646,0.0
136360e,E_second.txt,1,1,0.0,,,
136360e,N_second.txt,1,1,0.0,,,
136360e,C_second.txt,3,2,0.33333333333333337,0.8357567191123962,0.7877645492553711,0.047992169857025146
67836n,E_second.txt,2,2,0.0,0.427701473236084,0.427701473236084,0.0
67836n,N_second.txt,4,4,0.0,0.4413231611251831,0.4413231611251831,0.0
67836n,C_second.txt,2,2,0.0,0.7195920944213867,0.7195920944213867,0.0
11971n,E_second.txt,2,2,0.0,0.6322983503341675,0.6322983503341675,0.0
11971n,N_second.txt,3,3,0.0,0.5772185921669006,0.5772185921669006,0.0
11971n,C_second.txt,3,3,0.0,0.5013678073883057,0.5013678073883057,0.0
49611e,E_second.txt,2,2,0.0,0.3995441198348999,0.3995441198348999,0.0
49611e,N_second.txt,3,3,0.0,0.5179576873779297,0.5179576873779297,0.0
49611e,C_second.txt,3,3,0.0,0.5023830533027649,0.5023830533027649,0.0
83248c,E_second.txt,2,2,0.0,0.7736432552337646,0.7736432552337646,0.0
83248c,N_second.txt,2,2,0.0,0.8316477537155151,0.8316477537155151,0.0
83248c,C_second.txt,3,3,0.0,0.721991240978241,0.721991240978241,0.0
28601n,E_second.txt,3,3,0.0,0.5389373898506165,0.5389373898506165,0.0
28601n,N_second.txt,3,3,0.0,0.5171189904212952,0.5171189904212952,0.0
28601n,C_second.txt,3,3,0.0,0.459188848733902,0.459188848733902,0.0
65879c,E_second.txt,1,1,0.0,,,
65879c,N_second.txt,3,3,0.0,0.32707729935646057,0.32707729935646057,0.0
65879c,C_second.txt,3,3,0.0,0.36371520161628723,0.36371520161628723,0.0
139635n,E_second.txt,5,5,0.0,0.580512523651123,0.580512523651123,0.0
139635n,N_second.txt,2,2,0.0,0.6317768692970276,0.6317768692970276,0.0
139635n,C_second.txt,2,2,0.0,0.7634333372116089,0.7634333372116089,0.0
129601n,E_second.txt,1,1,0.0,,,
129601n,N_second.txt,3,2,0.33333333333333337,0.665227472782135,0.4927527904510498,0.1724746823310852
129601n,C_second.txt,1,1,0.0,,,
121360c,E_second.txt,2,2,0.0,0.7211930751800537,0.7211930751800537,0.0
121360c,N_second.txt,2,2,0.0,0.16876614093780518,0.16876614093780518,0.0
121360c,C_second.txt,3,3,0.0,0.5134139060974121,0.5134139060974121,0.0
68946c,E_second.txt,0,0,0.0,,,
68946c,N_second.txt,2,2,0.0,0.42581605911254883,0.42581605911254883,0.0
68946c,C_second.txt,4,4,0.0,0.3199608623981476,0.3199608623981476,0.0
21340n,E_second.txt,1,1,0.0,,,
21340n,N_second.txt,4,4,0.0,0.565507709980011,0.565507709980011,0.0
21340n,C_second.txt,3,3,0.0,0.4949168264865875,0.4949168264865875,0.0
45443c,E_second.txt,4,4,0.0,0.3486563265323639,0.3486563265323639,0.0
45443c,N_second.txt,3,3,0.0,0.7207386493682861,0.7207386493682861,0.0
45443c,C_second.txt,5,5,0.0,0.48923754692077637,0.48923754692077637,0.0
73260n,E_second.txt,3,3,0.0,0.6372899413108826,0.6372899413108826,0.0
73260n,N_second.txt,5,5,0.0,0.4640633463859558,0.4640633463859558,0.0
73260n,C_second.txt,3,3,0.0,0.5135782957077026,0.5135782957077026,0.0
129185n,E_second.txt,2,2,0.0,0.7359020113945007,0.7359020113945007,0.0
129185n,N_second.txt,1,1,0.0,,,
129185n,C_second.txt,1,1,0.0,,,
121422c,E_second.txt,3,3,0.0,0.5569232702255249,0.5569232702255249,0.0
121422c,N_second.txt,5,5,0.0,0.4747627377510071,0.4747627377510071,0.0
121422c,C_second.txt,3,3,0.0,0.38326573371887207,0.38326573371887207,0.0
46820e,E_second.txt,2,2,0.0,0.3558717966079712,0.3558717966079712,0.0
46820e,N_second.txt,4,4,0.0,0.6465116143226624,0.6465116143226624,0.0
46820e,C_second.txt,4,4,0.0,0.40024054050445557,0.40024054050445557,0.0
98944c,E_second.txt,2,2,0.0,0.6533491611480713,0.6533491611480713,0.0
98944c,N_second.txt,1,1,0.0,,,
98944c,C_second.txt,3,3,0.0,0.5809503793716431,0.5809503793716431,0.0
34176n,E_second.txt,2,2,0.0,0.5915868282318115,0.5915868282318115,0.0
34176n,N_second.txt,3,3,0.0,0.5498394966125488,0.5498394966125488,0.0
34176n,C_second.txt,3,3,0.0,0.519300103187561,0.519300103187561,0.0
48300c,E_second.txt,1,1,0.0,,,
48300c,N_second.txt,3,3,0.0,0.3801502287387848,0.3801502287387848,0.0
48300c,C_second.txt,2,2,0.0,0.6628400683403015,0.6628400683403015,0.0
72870c,E_second.txt,0,0,0.0,,,
72870c,N_second.txt,3,3,0.0,0.4971841871738434,0.4971841871738434,0.0
72870c,C_second.txt,2,2,0.0,0.42605483531951904,0.42605483531951904,0.0
99791n,E_second.txt,4,4,0.0,0.4923774003982544,0.4923774003982544,0.0
99791n,N_second.txt,2,2,0.0,0.7741543054580688,0.7741543054580688,0.0
99791n,C_second.txt,2,2,0.0,0.4861408472061157,0.4861408472061157,0.0
111693e,E_second.txt,6,6,0.0,0.6654621362686157,0.6654621362686157,0.0
111693e,N_second.txt,5,5,0.0,0.5578401684761047,0.5578401684761047,0.0
111693e,C_second.txt,3,3,0.0,0.7016218304634094,0.7016218304634094,0.0
130928n,E_second.txt,2,2,0.0,0.41493040323257446,0.41493040323257446,0.0
130928n,N_second.txt,4,4,0.0,0.4183475971221924,0.4183475971221924,0.0
130928n,C_second.txt,3,3,0.0,0.43418779969215393,0.43418779969215393,0.0
120955n,E_second.txt,2,2,0.0,0.7809599041938782,0.7809599041938782,0.0
120955n,N_second.txt,3,3,0.0,0.29985061287879944,0.29985061287879944,0.0
120955n,C_second.txt,2,2,0.0,0.8489656448364258,0.8489656448364258,0.0
50480n,E_second.txt,4,4,0.0,0.4288114011287689,0.4288114011287689,0.0
50480n,N_second.txt,4,4,0.0,0.5224292278289795,0.5224292278289795,0.0
50480n,C_second.txt,2,2,0.0,0.47456175088882446,0.47456175088882446,0.0
21297n,E_second.txt,1,1,0.0,,,
21297n,N_second.txt,4,4,0.0,0.5406911969184875,0.5406911969184875,0.0
21297n,C_second.txt,2,2,0.0,0.6910816431045532,0.6910816431045532,0.0
124853e,E_second.txt,1,1,0.0,,,
124853e,N_second.txt,3,3,0.0,0.42930448055267334,0.42930448055267334,0.0
124853e,C_second.txt,3,3,0.0,0.8077904582023621,0.8077904582023621,0.0
43094c,E_second.txt,0,0,0.0,,,
43094c,N_second.txt,3,3,0.0,0.5335146188735962,0.5335146188735962,0.0
43094c,C_second.txt,3,3,0.0,0.7557060122489929,0.7557060122489929,0.0
11362e,E_second.txt,1,1,0.0,,,
11362e,N_second.txt,3,3,0.0,0.5191518664360046,0.5191518664360046,0.0
11362e,C_second.txt,2,2,0.0,0.8565910458564758,0.8565910458564758,0.0
123027n,E_second.txt,3,3,0.0,0.8228411674499512,0.8228411674499512,0.0
123027n,N_second.txt,2,2,0.0,0.568867027759552,0.568867027759552,0.0
123027n,C_second.txt,4,4,0.0,0.7497085928916931,0.7497085928916931,0.0
102857n,E_second.txt,4,4,0.0,0.6207209825515747,0.6207209825515747,0.0
102857n,N_second.txt,4,4,0.0,0.5452657341957092,0.5452657341957092,0.0
102857n,C_second.txt,3,3,0.0,0.5218583941459656,0.5218583941459656,0.0
127410n,E_second.txt,1,1,0.0,,,
127410n,N_second.txt,2,2,0.0,0.6994380950927734,0.6994380950927734,0.0
127410n,C_second.txt,3,3,0.0,0.4998248517513275,0.4998248517513275,0.0
132019n,E_second.txt,1,1,0.0,,,
132019n,N_second.txt,3,3,0.0,0.6070754528045654,0.6070754528045654,0.0
132019n,C_second.txt,3,3,0.0,0.8388941884040833,0.8388941884040833,0.0
19921n,E_second.txt,5,5,0.0,0.6158525347709656,0.6158525347709656,0.0
19921n,N_second.txt,4,4,0.0,0.5296869874000549,0.5296869874000549,0.0
19921n,C_second.txt,3,3,0.0,0.7194535136222839,0.7194535136222839,0.0
70711c,E_second.txt,4,4,0.0,0.7070670127868652,0.7070670127868652,0.0
70711c,N_second.txt,4,4,0.0,0.8502213358879089,0.8502213358879089,0.0
70711c,C_second.txt,2,2,0.0,0.881220817565918,0.881220817565918,0.0
117892n,E_second.txt,4,4,0.0,0.5767713785171509,0.5767713785171509,0.0
117892n,N_second.txt,4,4,0.0,0.4905607998371124,0.4905607998371124,0.0
117892n,C_second.txt,1,1,0.0,,,
42983e,E_second.txt,1,1,0.0,,,
42983e,N_second.txt,2,2,0.0,0.6755020618438721,0.6755020618438721,0.0
42983e,C_second.txt,2,2,0.0,0.5122374296188354,0.5122374296188354,0.0
53619c,E_second.txt,1,1,0.0,,,
53619c,N_second.txt,3,3,0.0,0.767883837223053,0.767883837223053,0.0
53619c,C_second.txt,2,2,0.0,0.6625809669494629,0.6625809669494629,0.0
85279n,E_second.txt,2,2,0.0,0.49169909954071045,0.49169909954071045,0.0
85279n,N_second.txt,3,3,0.0,0.6013826727867126,0.6013826727867126,0.0
85279n,C_second.txt,3,3,0.0,0.665619432926178,0.665619432926178,0.0
115247c,E_second.txt,2,2,0.0,0.49930131435394287,0.49930131435394287,0.0
115247c,N_second.txt,2,2,0.0,0.7013905048370361,0.7013905048370361,0.0
115247c,C_second.txt,3,3,0.0,0.4629800319671631,0.4629800319671631,0.0
97011c,E_second.txt,2,2,0.0,0.6084614396095276,0.6084614396095276,0.0
97011c,N_second.txt,2,2,0.0,0.67795729637146,0.67795729637146,0.0
97011c,C_second.txt,2,2,0.0,0.751392126083374,0.751392126083374,0.0
127073c,E_second.txt,0,0,0.0,,,
127073c,N_second.txt,3,3,0.0,0.7428677678108215,0.7428677678108215,0.0
127073c,C_second.txt,2,2,0.0,0.27927374839782715,0.27927374839782715,0.0
97926n,E_second.txt,2,2,0.0,0.5387669801712036,0.5387669801712036,0.0
97926n,N_second.txt,3,3,0.0,0.34415921568870544,0.34415921568870544,0.0
97926n,C_second.txt,3,3,0.0,0.5478788018226624,0.5478788018226624,0.0
131623c,E_second.txt,1,1,0.0,,,
131623c,N_second.txt,2,2,0.0,0.6112316250801086,0.6112316250801086,0.0
131623c,C_second.txt,3,3,0.0,0.5183348059654236,0.5183348059654236,0.0
26142n,E_second.txt,1,1,0.0,,,
26142n,N_second.txt,1,1,0.0,,,
26142n,C_second.txt,3,3,0.0,0.5384410619735718,0.5384410619735718,0.0
121910c,E_second.txt,1,1,0.0,,,
121910c,N_second.txt,2,2,0.0,0.4339182376861572,0.4339182376861572,0.0
121910c,C_second.txt,2,2,0.0,0.5490994453430176,0.5490994453430176,0.0
105911c,E_second.txt,3,3,0.0,0.3966789245605469,0.3966789245605469,0.0
105911c,N_second.txt,4,4,0.0,0.6874833106994629,0.6874833106994629,0.0
105911c,C_second.txt,5,5,0.0,0.4984742999076843,0.4984742999076843,0.0
93236c,E_second.txt,0,0,0.0,,,
93236c,N_second.txt,2,2,0.0,0.7754855155944824,0.7754855155944824,0.0
93236c,C_second.txt,3,3,0.0,0.7208301424980164,0.7208301424980164,0.0
49237c,E_second.txt,6,6,0.0,0.5653006434440613,0.5653006434440613,0.0
49237c,N_second.txt,5,5,0.0,0.38674962520599365,0.38674962520599365,0.0
49237c,C_second.txt,4,4,0.0,0.46497976779937744,0.46497976779937744,0.0
130680e,E_second.txt,5,5,0.0,0.6201770901679993,0.6201770901679993,0.0
130680e,N_second.txt,2,2,0.0,0.6954017877578735,0.6954017877578735,0.0
130680e,C_second.txt,3,3,0.0,0.5048009753227234,0.5048009753227234,0.0
11534n,E_second.txt,4,4,0.0,0.467790812253952,0.467790812253952,0.0
11534n,N_second.txt,3,3,0.0,0.5722466111183167,0.5722466111183167,0.0
11534n,C_second.txt,3,3,0.0,0.699857234954834,0.699857234954834,0.0
45957e,E_second.txt,4,4,0.0,0.4258860647678375,0.4258860647678375,0.0
45957e,N_second.txt,3,3,0.0,0.7017280459403992,0.7017280459403992,0.0
45957e,C_second.txt,3,3,0.0,0.6215886473655701,0.6215886473655701,0.0
46198n,E_second.txt,1,1,0.0,,,
46198n,N_second.txt,2,2,0.0,0.6271563768386841,0.6271563768386841,0.0
46198n,C_second.txt,2,2,0.0,0.43787193298339844,0.43787193298339844,0.0
86429n,E_second.txt,5,5,0.0,0.531283974647522,0.531283974647522,0.0
86429n,N_second.txt,2,2,0.0,0.7087039947509766,0.7087039947509766,0.0
86429n,C_second.txt,3,3,0.0,0.6318504214286804,0.6318504214286804,0.0
134217e,E_second.txt,3,3,0.0,0.4807932376861572,0.4807932376861572,0.0
134217e,N_second.txt,2,2,0.0,0.6419491767883301,0.6419491767883301,0.0
134217e,C_second.txt,1,1,0.0,,,
44747n,E_second.txt,1,1,0.0,,,
44747n,N_second.txt,5,5,0.0,0.7045401334762573,0.7045401334762573,0.0
44747n,C_second.txt,2,2,0.0,0.7340463399887085,0.7340463399887085,0.0
96583n,E_second.txt,3,3,0.0,0.4767695367336273,0.4767695367336273,0.0
96583n,N_second.txt,3,3,0.0,0.44484591484069824,0.44484591484069824,0.0
96583n,C_second.txt,2,2,0.0,0.32888174057006836,0.32888174057006836,0.0
17753n,E_second.txt,3,3,0.0,0.3555876314640045,0.3555876314640045,0.0
17753n,N_second.txt,3,3,0.0,0.49590834975242615,0.49590834975242615,0.0
17753n,C_second.txt,3,3,0.0,0.6073086857795715,0.6073086857795715,0.0
32754e,E_second.txt,3,3,0.0,0.5360903143882751,0.5360903143882751,0.0
32754e,N_second.txt,3,3,0.0,0.38079580664634705,0.38079580664634705,0.0
32754e,C_second.txt,2,2,0.0,0.46458756923675537,0.46458756923675537,0.0
108027n,E_second.txt,3,3,0.0,0.5378451347351074,0.5378451347351074,0.0
108027n,N_second.txt,3,3,0.0,0.4843323230743408,0.4843323230743408,0.0
108027n,C_second.txt,2,2,0.0,0.34562861919403076,0.34562861919403076,0.0
88050c,E_second.txt,1,1,0.0,,,
88050c,N_second.txt,1,1,0.0,,,
88050c,C_second.txt,1,1,0.0,,,
136752n,E_second.txt,9,9,0.0,0.2720026969909668,0.2720026969909668,0.0
136752n,N_second.txt,8,8,0.0,0.311044842004776,0.311044842004776,0.0
136752n,C_second.txt,3,3,0.0,0.4085065424442291,0.4085065424442291,0.0
30380c,E_second.txt,3,3,0.0,0.7745183110237122,0.7745183110237122,0.0
30380c,N_second.txt,4,4,0.0,0.6285423636436462,0.6285423636436462,0.0
30380c,C_second.txt,2,2,0.0,0.4076763391494751,0.4076763391494751,0.0
95883e,E_second.txt,1,1,0.0,,,
95883e,N_second.txt,3,3,0.0,0.5227868556976318,0.5227868556976318,0.0
95883e,C_second.txt,3,3,0.0,0.4911445081233978,0.4911445081233978,0.0
3545n,E_second.txt,1,1,0.0,,,
3545n,N_second.txt,2,2,0.0,0.7582976818084717,0.7582976818084717,0.0
3545n,C_second.txt,2,2,0.0,0.7506184577941895,0.7506184577941895,0.0
23901e,E_second.txt,1,1,0.0,,,
23901e,N_second.txt,3,3,0.0,0.3811050355434418,0.3811050355434418,0.0
23901e,C_second.txt,3,3,0.0,0.5251669883728027,0.5251669883728027,0.0
72740c,E_second.txt,2,2,0.0,0.852992594242096,0.852992594242096,0.0
72740c,N_second.txt,2,2,0.0,0.7719851732254028,0.7719851732254028,0.0
72740c,C_second.txt,3,3,0.0,0.6716058850288391,0.6716058850288391,0.0
12601n,E_second.txt,4,4,0.0,0.35356926918029785,0.35356926918029785,0.0
12601n,N_second.txt,2,2,0.0,0.3227897882461548,0.3227897882461548,0.0
12601n,C_second.txt,2,2,0.0,0.3331027030944824,0.3331027030944824,0.0
14388e,E_second.txt,3,3,0.0,0.6199453473091125,0.6199453473091125,0.0
14388e,N_second.txt,1,1,0.0,,,
14388e,C_second.txt,3,3,0.0,0.6252065896987915,0.6252065896987915,0.0
51353e,E_second.txt,4,4,0.0,0.4601661264896393,0.4601661264896393,0.0
51353e,N_second.txt,3,3,0.0,0.20061802864074707,0.20061802864074707,0.0
51353e,C_second.txt,5,5,0.0,0.43189001083374023,0.43189001083374023,0.0
48223n,E_second.txt,1,1,0.0,,,
48223n,N_second.txt,2,2,0.0,0.8886604309082031,0.8886604309082031,0.0
48223n,C_second.txt,3,3,0.0,0.25052472949028015,0.25052472949028015,0.0
133274n,E_second.txt,5,5,0.0,0.4394513964653015,0.4394513964653015,0.0
133274n,N_second.txt,5,5,0.0,0.7452580332756042,0.7452580332756042,0.0
133274n,C_second.txt,4,4,0.0,0.6255567073822021,0.6255567073822021,0.0
107399c,E_second.txt,0,0,0.0,,,
107399c,N_second.txt,3,3,0.0,0.7229292988777161,0.7229292988777161,0.0
107399c,C_second.txt,3,3,0.0,0.4712497293949127,0.4712497293949127,0.0
117177n,E_second.txt,3,3,0.0,0.5193050503730774,0.5193050503730774,0.0
117177n,N_second.txt,3,3,0.0,0.6265435218811035,0.6265435218811035,0.0
117177n,C_second.txt,4,4,0.0,0.3944210112094879,0.3944210112094879,0.0
23280e,E_second.txt,2,2,0.0,0.7792634963989258,0.7792634963989258,0.0
23280e,N_second.txt,2,2,0.0,0.4379737377166748,0.4379737377166748,0.0
23280e,C_second.txt,3,3,0.0,0.3804570436477661,0.3804570436477661,0.0
22436n,E_second.txt,4,4,0.0,0.46414002776145935,0.46414002776145935,0.0
22436n,N_second.txt,4,4,0.0,0.5747540593147278,0.5747540593147278,0.0
22436n,C_second.txt,5,5,0.0,0.4408661425113678,0.4408661425113678,0.0
124590c,E_second.txt,0,0,0.0,,,
124590c,N_second.txt,2,2,0.0,0.6265877485275269,0.6265877485275269,0.0
124590c,C_second.txt,3,3,0.0,0.41179537773132324,0.41179537773132324,0.0
8257n,E_second.txt,5,5,0.0,0.6329257488250732,0.6329257488250732,0.0
8257n,N_second.txt,3,3,0.0,0.8011481165885925,0.8011481165885925,0.0
8257n,C_second.txt,3,3,0.0,0.5622892379760742,0.5622892379760742,0.0
82174e,E_second.txt,3,3,0.0,0.48614609241485596,0.48614609241485596,0.0
82174e,N_second.txt,2,2,0.0,0.7620975971221924,0.7620975971221924,0.0
82174e,C_second.txt,3,3,0.0,0.5079975128173828,0.5079975128173828,0.0
65130n,E_second.txt,2,2,0.0,0.4675319194793701,0.4675319194793701,0.0
65130n,N_second.txt,3,3,0.0,0.47463011741638184,0.47463011741638184,0.0
65130n,C_second.txt,2,2,0.0,0.6374619007110596,0.6374619007110596,0.0
33822n,E_second.txt,3,3,0.0,0.5546514391899109,0.5546514391899109,0.0
33822n,N_second.txt,3,3,0.0,0.714860200881958,0.714860200881958,0.0
33822n,C_second.txt,4,4,0.0,0.43543025851249695,0.43543025851249695,0.0
7449e,E_second.txt,3,3,0.0,0.7342117428779602,0.7342117428779602,0.0
7449e,N_second.txt,3,3,0.0,0.49687767028808594,0.49687767028808594,0.0
7449e,C_second.txt,3,3,0.0,0.5490755438804626,0.5490755438804626,0.0
103364n,E_second.txt,2,2,0.0,0.4977959394454956,0.4977959394454956,0.0
103364n,N_second.txt,3,3,0.0,0.6303684115409851,0.6303684115409851,0.0
103364n,C_second.txt,3,3,0.0,0.5007855296134949,0.5007855296134949,0.0
144753c,E_second.txt,3,3,0.0,0.4738973081111908,0.4738973081111908,0.0
144753c,N_second.txt,2,2,0.0,0.6255732774734497,0.6255732774734497,0.0
144753c,C_second.txt,2,2,0.0,0.3799269199371338,0.3799269199371338,0.0
74377e,E_second.txt,3,3,0.0,0.28597602248191833,0.28597602248191833,0.0
74377e,N_second.txt,3,3,0.0,0.6051298975944519,0.6051298975944519,0.0
74377e,C_second.txt,2,2,0.0,0.8879234790802002,0.8879234790802002,0.0
91106n,E_second.txt,0,0,0.0,,,
91106n,N_second.txt,3,2,0.33333333333333337,0.8365667462348938,0.8455350399017334,-0.0089682936668396
91106n,C_second.txt,3,3,0.0,0.7454729676246643,0.7454729676246643,0.0
88605n,E_second.txt,4,4,0.0,0.6631980538368225,0.6631980538368225,0.0
88605n,N_second.txt,2,2,0.0,0.6229996681213379,0.6229996681213379,0.0
88605n,C_second.txt,5,5,0.0,0.5246596336364746,0.5246596336364746,0.0
55572n,E_second.txt,1,1,0.0,,,
55572n,N_second.txt,4,4,0.0,0.3755117654800415,0.3755117654800415,0.0
55572n,C_second.txt,4,4,0.0,0.35899636149406433,0.35899636149406433,0.0
73444n,E_second.txt,4,4,0.0,0.4642355144023895,0.4642355144023895,0.0
73444n,N_second.txt,2,2,0.0,0.7862231731414795,0.7862231731414795,0.0
73444n,C_second.txt,4,4,0.0,0.3903157413005829,0.3903157413005829,0.0
141321n,E_second.txt,1,1,0.0,,,
141321n,N_second.txt,2,2,0.0,0.2669931650161743,0.2669931650161743,0.0
141321n,C_second.txt,2,2,0.0,0.7509423494338989,0.7509423494338989,0.0
15537n,E_second.txt,2,2,0.0,0.5502468347549438,0.5502468347549438,0.0
15537n,N_second.txt,5,5,0.0,0.5420937538146973,0.5420937538146973,0.0
15537n,C_second.txt,2,2,0.0,0.7998113632202148,0.7998113632202148,0.0
65199n,E_second.txt,4,4,0.0,0.5906469225883484,0.5906469225883484,0.0
65199n,N_second.txt,3,3,0.0,0.5894681811332703,0.5894681811332703,0.0
65199n,C_second.txt,3,3,0.0,0.5091171264648438,0.5091171264648438,0.0
2262n,E_second.txt,1,1,0.0,,,
2262n,N_second.txt,2,2,0.0,0.6613505482673645,0.6613505482673645,0.0
2262n,C_second.txt,2,2,0.0,0.6778273582458496,0.6778273582458496,0.0
16086n,E_second.txt,2,2,0.0,0.5339131951332092,0.5339131951332092,0.0
16086n,N_second.txt,3,3,0.0,0.5408239960670471,0.5408239960670471,0.0
16086n,C_second.txt,2,2,0.0,0.6084668636322021,0.6084668636322021,0.0
125021c,E_second.txt,0,0,0.0,,,
125021c,N_second.txt,2,2,0.0,0.7781845331192017,0.7781845331192017,0.0
125021c,C_second.txt,3,3,0.0,0.570166289806366,0.570166289806366,0.0
11601n,E_second.txt,4,4,0.0,0.5611116290092468,0.5611116290092468,0.0
11601n,N_second.txt,3,3,0.0,0.4950774610042572,0.4950774610042572,0.0
11601n,C_second.txt,4,4,0.0,0.2908359467983246,0.2908359467983246,0.0
27022c,E_second.txt,1,1,0.0,,,
27022c,N_second.txt,2,2,0.0,0.40873587131500244,0.40873587131500244,0.0
27022c,C_second.txt,2,2,0.0,0.40325427055358887,0.40325427055358887,0.0
132539e,E_second.txt,2,2,0.0,0.38759851455688477,0.38759851455688477,0.0
132539e,N_second.txt,4,4,0.0,0.41790327429771423,0.41790327429771423,0.0
132539e,C_second.txt,2,2,0.0,0.2241288423538208,0.2241288423538208,0.0
98487c,E_second.txt,1,1,0.0,,,
98487c,N_second.txt,2,2,0.0,0.6190550327301025,0.6190550327301025,0.0
98487c,C_second.txt,2,2,0.0,0.8351272344589233,0.8351272344589233,0.0
144753e,E_second.txt,3,3,0.0,0.32925447821617126,0.32925447821617126,0.0
144753e,N_second.txt,3,3,0.0,0.34228697419166565,0.34228697419166565,0.0
144753e,C_second.txt,4,4,0.0,0.4750203788280487,0.4750203788280487,0.0
51353c,E_second.txt,4,4,0.0,0.5666071176528931,0.5666071176528931,0.0
51353c,N_second.txt,3,3,0.0,0.5193353295326233,0.5193353295326233,0.0
51353c,C_second.txt,2,2,0.0,0.2703148126602173,0.2703148126602173,0.0
123751n,E_second.txt,5,5,0.0,0.5183836221694946,0.5183836221694946,0.0
123751n,N_second.txt,3,3,0.0,0.6473981738090515,0.6473981738090515,0.0
123751n,C_second.txt,4,4,0.0,0.5836784243583679,0.5836784243583679,0.0
60732n,E_second.txt,5,5,0.0,0.681538462638855,0.681538462638855,0.0
60732n,N_second.txt,3,3,0.0,0.48185136914253235,0.48185136914253235,0.0
60732n,C_second.txt,4,4,0.0,0.5806735157966614,0.5806735157966614,0.0
125238c,E_second.txt,3,3,0.0,0.7104859948158264,0.7104859948158264,0.0
125238c,N_second.txt,3,3,0.0,0.7019523978233337,0.7019523978233337,0.0
125238c,C_second.txt,3,3,0.0,0.41902247071266174,0.41902247071266174,0.0
118999n,E_second.txt,1,1,0.0,,,
118999n,N_second.txt,4,4,0.0,0.5799676775932312,0.5799676775932312,0.0
118999n,C_second.txt,2,2,0.0,0.537631630897522,0.537631630897522,0.0
106013c,E_second.txt,1,1,0.0,,,
106013c,N_second.txt,5,5,0.0,0.5807039141654968,0.5807039141654968,0.0
106013c,C_second.txt,3,3,0.0,0.6525635123252869,0.6525635123252869,0.0
100349e,E_second.txt,2,2,0.0,0.7425616383552551,0.7425616383552551,0.0
100349e,N_second.txt,1,1,0.0,,,
100349e,C_second.txt,2,2,0.0,0.2634756565093994,0.2634756565093994,0.0
82156e,E_second.txt,4,4,0.0,0.5772817730903625,0.5772817730903625,0.0
82156e,N_second.txt,3,3,0.0,0.7678596377372742,0.7678596377372742,0.0
82156e,C_second.txt,5,5,0.0,0.5611955523490906,0.5611955523490906,0.0
108624c,E_second.txt,0,0,0.0,,,
108624c,N_second.txt,3,3,0.0,0.5944039821624756,0.5944039821624756,0.0
108624c,C_second.txt,3,3,0.0,0.658825159072876,0.658825159072876,0.0
112547n,E_second.txt,0,0,0.0,,,
112547n,N_second.txt,2,2,0.0,0.29751813411712646,0.29751813411712646,0.0
112547n,C_second.txt,3,3,0.0,0.4529596269130707,0.4529596269130707,0.0
135898c,E_second.txt,1,1,0.0,,,
135898c,N_second.txt,3,3,0.0,0.26608172059059143,0.26608172059059143,0.0
135898c,C_second.txt,4,4,0.0,0.4334222078323364,0.4334222078323364,0.0
73518n,E_second.txt,1,1,0.0,,,
73518n,N_second.txt,3,3,0.0,0.5204871892929077,0.5204871892929077,0.0
73518n,C_second.txt,2,2,0.0,0.7631896138191223,0.7631896138191223,0.0
139836n,E_second.txt,4,4,0.0,0.6766697764396667,0.6766697764396667,0.0
139836n,N_second.txt,4,4,0.0,0.7282004952430725,0.7282004952430725,0.0
139836n,C_second.txt,3,3,0.0,0.7025041580200195,0.7025041580200195,0.0
67571c,E_second.txt,1,1,0.0,,,
67571c,N_second.txt,2,2,0.0,0.2628212571144104,0.2628212571144104,0.0
67571c,C_second.txt,3,3,0.0,0.6365837454795837,0.6365837454795837,0.0
123891c,E_second.txt,4,4,0.0,0.5595189929008484,0.5595189929008484,0.0
123891c,N_second.txt,3,3,0.0,0.5774059891700745,0.5774059891700745,0.0
123891c,C_second.txt,3,3,0.0,0.5550159811973572,0.5550159811973572,0.0
81579e,E_second.txt,1,1,0.0,,,
81579e,N_second.txt,4,4,0.0,0.6789796948432922,0.6789796948432922,0.0
81579e,C_second.txt,2,2,0.0,0.4344366788864136,0.4344366788864136,0.0
38475c,E_second.txt,1,1,0.0,,,
38475c,N_second.txt,3,3,0.0,0.5070638060569763,0.5070638060569763,0.0
38475c,C_second.txt,2,2,0.0,0.3937608003616333,0.3937608003616333,0.0
93357c,E_second.txt,1,1,0.0,,,
93357c,N_second.txt,2,2,0.0,0.45325708389282227,0.45325708389282227,0.0
93357c,C_second.txt,3,3,0.0,0.4194559156894684,0.4194559156894684,0.0
34776c,E_second.txt,5,5,0.0,0.5886721611022949,0.5886721611022949,0.0
34776c,N_second.txt,1,1,0.0,,,
34776c,C_second.txt,5,5,0.0,0.6062771677970886,0.6062771677970886,0.0
12562n,E_second.txt,3,3,0.0,0.3195582926273346,0.3195582926273346,0.0
12562n,N_second.txt,2,1,0.5,0.9452915191650391,0.0,0.9452915191650391
12562n,C_second.txt,3,3,0.0,0.6400681138038635,0.6400681138038635,0.0
79507e,E_second.txt,5,5,0.0,0.5450974702835083,0.5450974702835083,0.0
79507e,N_second.txt,3,3,0.0,0.7330479621887207,0.7330479621887207,0.0
79507e,C_second.txt,5,5,0.0,0.4931935667991638,0.4931935667991638,0.0
79141n,E_second.txt,4,4,0.0,0.6710287928581238,0.6710287928581238,0.0
79141n,N_second.txt,5,5,0.0,0.3507890999317169,0.3507890999317169,0.0
79141n,C_second.txt,5,5,0.0,0.46256327629089355,0.46256327629089355,0.0
127290n,E_second.txt,3,3,0.0,0.5009892582893372,0.5009892582893372,0.0
127290n,N_second.txt,3,3,0.0,0.7008717656135559,0.7008717656135559,0.0
127290n,C_second.txt,4,4,0.0,0.6630131602287292,0.6630131602287292,0.0
53499c,E_second.txt,1,1,0.0,,,
53499c,N_second.txt,4,4,0.0,0.37497678399086,0.37497678399086,0.0
53499c,C_second.txt,3,3,0.0,0.4963963031768799,0.4963963031768799,0.0
3476n,E_second.txt,2,2,0.0,0.3712019920349121,0.3712019920349121,0.0
3476n,N_second.txt,4,4,0.0,0.3796885907649994,0.3796885907649994,0.0
3476n,C_second.txt,3,3,0.0,0.4909888207912445,0.4909888207912445,0.0
119768n,E_second.txt,3,3,0.0,0.46698880195617676,0.46698880195617676,0.0
119768n,N_second.txt,3,3,0.0,0.5979707837104797,0.5979707837104797,0.0
119768n,C_second.txt,2,2,0.0,0.7149317860603333,0.7149317860603333,0.0
10229n,E_second.txt,3,3,0.0,0.35702431201934814,0.35702431201934814,0.0
10229n,N_second.txt,2,2,0.0,0.5686361789703369,0.5686361789703369,0.0
10229n,C_second.txt,3,3,0.0,0.4835112988948822,0.4835112988948822,0.0
120149c,E_second.txt,3,2,0.33333333333333337,0.7292048335075378,0.6419510841369629,0.08725374937057495
120149c,N_second.txt,4,4,0.0,0.6868184208869934,0.6868184208869934,0.0
120149c,C_second.txt,2,2,0.0,0.5893700122833252,0.5893700122833252,0.0
29844c,E_second.txt,1,1,0.0,,,
29844c,N_second.txt,3,3,0.0,0.7185488343238831,0.7185488343238831,0.0
29844c,C_second.txt,2,2,0.0,0.6759239435195923,0.6759239435195923,0.0
118460n,E_second.txt,4,4,0.0,0.5538074374198914,0.5538074374198914,0.0
118460n,N_second.txt,4,4,0.0,0.565273106098175,0.565273106098175,0.0
118460n,C_second.txt,3,3,0.0,0.7309213280677795,0.7309213280677795,0.0
92774n,E_second.txt,0,0,0.0,,,
92774n,N_second.txt,3,3,0.0,0.5528323650360107,0.5528323650360107,0.0
92774n,C_second.txt,2,2,0.0,0.689828634262085,0.689828634262085,0.0
9557e,E_second.txt,5,5,0.0,0.5466710329055786,0.5466710329055786,0.0
9557e,N_second.txt,3,3,0.0,0.41637611389160156,0.41637611389160156,0.0
9557e,C_second.txt,2,2,0.0,0.1364833116531372,0.1364833116531372,0.0
98445c,E_second.txt,6,6,0.0,0.4981463849544525,0.4981463849544525,0.0
98445c,N_second.txt,5,5,0.0,0.4276922345161438,0.4276922345161438,0.0
98445c,C_second.txt,7,7,0.0,0.45137906074523926,0.45137906074523926,0.0
1073c,E_second.txt,2,2,0.0,0.7878381013870239,0.7878381013870239,0.0
1073c,N_second.txt,3,3,0.0,0.5368680357933044,0.5368680357933044,0.0
1073c,C_second.txt,3,3,0.0,0.7293226718902588,0.7293226718902588,0.0
129464c,E_second.txt,4,4,0.0,0.6604459285736084,0.6604459285736084,0.0
129464c,N_second.txt,2,2,0.0,0.6578249931335449,0.6578249931335449,0.0
129464c,C_second.txt,3,3,0.0,0.7301404476165771,0.7301404476165771,0.0
100136e,E_second.txt,8,8,0.0,0.41824623942375183,0.41824623942375183,0.0
100136e,N_second.txt,9,9,0.0,0.24953310191631317,0.24953310191631317,0.0
100136e,C_second.txt,7,7,0.0,0.4035602807998657,0.4035602807998657,0.0
96516e,E_second.txt,3,3,0.0,0.3668551445007324,0.3668551445007324,0.0
96516e,N_second.txt,3,3,0.0,0.526130735874176,0.526130735874176,0.0
96516e,C_second.txt,3,3,0.0,0.4935103952884674,0.4935103952884674,0.0
79013n,E_second.txt,2,2,0.0,0.4628427028656006,0.4628427028656006,0.0
79013n,N_second.txt,4,4,0.0,0.40321698784828186,0.40321698784828186,0.0
79013n,C_second.txt,2,2,0.0,0.42222338914871216,0.42222338914871216,0.0
8219n,E_second.txt,5,5,0.0,0.5703836679458618,0.5703836679458618,0.0
8219n,N_second.txt,2,2,0.0,0.38441765308380127,0.38441765308380127,0.0
8219n,C_second.txt,4,4,0.0,0.667177677154541,0.667177677154541,0.0
129081n,E_second.txt,3,3,0.0,0.6566789746284485,0.6566789746284485,0.0
129081n,N_second.txt,2,2,0.0,0.6955587863922119,0.6955587863922119,0.0
129081n,C_second.txt,3,3,0.0,0.5974373817443848,0.5974373817443848,0.0
49227n,E_second.txt,3,3,0.0,0.44353780150413513,0.44353780150413513,0.0
49227n,N_second.txt,2,2,0.0,0.6506242752075195,0.6506242752075195,0.0
49227n,C_second.txt,3,3,0.0,0.45668891072273254,0.45668891072273254,0.0
128176e,E_second.txt,3,3,0.0,0.6851251125335693,0.6851251125335693,0.0
128176e,N_second.txt,5,5,0.0,0.6991647481918335,0.6991647481918335,0.0
128176e,C_second.txt,2,2,0.0,0.7125626802444458,0.7125626802444458,0.0
81842c,E_second.txt,2,2,0.0,0.7355915307998657,0.7355915307998657,0.0
81842c,N_second.txt,4,3,0.25,0.8642098307609558,0.8428115844726562,0.02139824628829956
81842c,C_second.txt,2,2,0.0,0.847264289855957,0.847264289855957,0.0
30171n,E_second.txt,2,2,0.0,0.5273349285125732,0.5273349285125732,0.0
30171n,N_second.txt,3,3,0.0,0.337103933095932,0.337103933095932,0.0
30171n,C_second.txt,4,4,0.0,0.5597989559173584,0.5597989559173584,0.0
87332c,E_second.txt,1,1,0.0,,,
87332c,N_second.txt,3,3,0.0,0.6582645177841187,0.6582645177841187,0.0
87332c,C_second.txt,2,2,0.0,0.6339366436004639,0.6339366436004639,0.0
19578n,E_second.txt,0,0,0.0,,,
19578n,N_second.txt,3,3,0.0,0.44548603892326355,0.44548603892326355,0.0
19578n,C_second.txt,2,2,0.0,0.3463093042373657,0.3463093042373657,0.0
117576e,E_second.txt,4,4,0.0,0.4447667896747589,0.4447667896747589,0.0
117576e,N_second.txt,4,4,0.0,0.5063652396202087,0.5063652396202087,0.0
117576e,C_second.txt,5,5,0.0,0.38487663865089417,0.38487663865089417,0.0
65066n,E_second.txt,1,1,0.0,,,
65066n,N_second.txt,1,1,0.0,,,
65066n,C_second.txt,1,1,0.0,,,
72721e,E_second.txt,2,2,0.0,0.7130165100097656,0.7130165100097656,0.0
72721e,N_second.txt,3,3,0.0,0.6842749714851379,0.6842749714851379,0.0
72721e,C_second.txt,2,2,0.0,0.3496619462966919,0.3496619462966919,0.0
127809n,E_second.txt,2,2,0.0,0.5097014307975769,0.5097014307975769,0.0
127809n,N_second.txt,3,3,0.0,0.4454822540283203,0.4454822540283203,0.0
127809n,C_second.txt,3,3,0.0,0.5682289600372314,0.5682289600372314,0.0
2870n,E_second.txt,2,2,0.0,0.4078023433685303,0.4078023433685303,0.0
2870n,N_second.txt,3,3,0.0,0.5597665905952454,0.5597665905952454,0.0
2870n,C_second.txt,3,3,0.0,0.5691187977790833,0.5691187977790833,0.0
6386n,E_second.txt,4,4,0.0,0.7255459427833557,0.7255459427833557,0.0
6386n,N_second.txt,1,1,0.0,,,
6386n,C_second.txt,3,3,0.0,0.24239563941955566,0.24239563941955566,0.0
103559e,E_second.txt,1,1,0.0,,,
103559e,N_second.txt,1,1,0.0,,,
103559e,C_second.txt,1,1,0.0,,,
131235c,E_second.txt,5,5,0.0,0.59044349193573,0.59044349193573,0.0
131235c,N_second.txt,2,2,0.0,0.6274384260177612,0.6274384260177612,0.0
131235c,C_second.txt,3,3,0.0,0.5356598496437073,0.5356598496437073,0.0
48454c,E_second.txt,1,1,0.0,,,
48454c,N_second.txt,3,3,0.0,0.5805124640464783,0.5805124640464783,0.0
48454c,C_second.txt,2,2,0.0,0.37687087059020996,0.37687087059020996,0.0
142729c,E_second.txt,0,0,0.0,,,
142729c,N_second.txt,1,1,0.0,,,
142729c,C_second.txt,2,2,0.0,0.260841965675354,0.260841965675354,0.0
137715n,E_second.txt,2,2,0.0,0.6287751197814941,0.6287751197814941,0.0
137715n,N_second.txt,4,4,0.0,0.44695809483528137,0.44695809483528137,0.0
137715n,C_second.txt,3,3,0.0,0.4195007085800171,0.4195007085800171,0.0
76037n,E_second.txt,3,3,0.0,0.5944474339485168,0.5944474339485168,0.0
76037n,N_second.txt,3,3,0.0,0.43465542793273926,0.43465542793273926,0.0
76037n,C_second.txt,2,2,0.0,0.8272018432617188,0.8272018432617188,0.0
52542n,E_second.txt,4,4,0.0,0.5707746148109436,0.5707746148109436,0.0
52542n,N_second.txt,3,3,0.0,0.7451421618461609,0.7451421618461609,0.0
52542n,C_second.txt,3,3,0.0,0.4560013711452484,0.4560013711452484,0.0
80930n,E_second.txt,3,3,0.0,0.5047675967216492,0.5047675967216492,0.0
80930n,N_second.txt,3,3,0.0,0.4859457015991211,0.4859457015991211,0.0
80930n,C_second.txt,5,5,0.0,0.38839662075042725,0.38839662075042725,0.0
123267e,E_second.txt,3,2,0.33333333333333337,0.7480856776237488,0.6844344735145569,0.0636512041091919
123267e,N_second.txt,3,2,0.33333333333333337,0.685049831867218,0.582893967628479,0.10215586423873901
123267e,C_second.txt,3,3,0.0,0.8708429336547852,0.8708429336547852,0.0
86331e,E_second.txt,1,1,0.0,,,
86331e,N_second.txt,5,5,0.0,0.5371710062026978,0.5371710062026978,0.0
86331e,C_second.txt,2,2,0.0,0.6104477643966675,0.6104477643966675,0.0
83657c,E_second.txt,1,1,0.0,,,
83657c,N_second.txt,0,0,0.0,,,
83657c,C_second.txt,2,2,0.0,0.7116806507110596,0.7116806507110596,0.0
34094e,E_second.txt,2,2,0.0,0.4715859889984131,0.4715859889984131,0.0
34094e,N_second.txt,4,4,0.0,0.48576417565345764,0.48576417565345764,0.0
34094e,C_second.txt,3,3,0.0,0.40048813819885254,0.40048813819885254,0.0
116176c,E_second.txt,0,0,0.0,,,
116176c,N_second.txt,2,2,0.0,0.6880183219909668,0.6880183219909668,0.0
116176c,C_second.txt,3,3,0.0,0.6340628266334534,0.6340628266334534,0.0
74509n,E_second.txt,1,1,0.0,,,
74509n,N_second.txt,6,6,0.0,0.47955113649368286,0.47955113649368286,0.0
74509n,C_second.txt,2,2,0.0,0.5219724178314209,0.5219724178314209,0.0
134356n,E_second.txt,2,2,0.0,0.6025364398956299,0.6025364398956299,0.0
134356n,N_second.txt,3,3,0.0,0.6025434136390686,0.6025434136390686,0.0
134356n,C_second.txt,3,3,0.0,0.6364765167236328,0.6364765167236328,0.0
41975c,E_second.txt,4,4,0.0,0.45687174797058105,0.45687174797058105,0.0
41975c,N_second.txt,4,4,0.0,0.5794418454170227,0.5794418454170227,0.0
41975c,C_second.txt,5,5,0.0,0.39951151609420776,0.39951151609420776,0.0
58557e,E_second.txt,1,1,0.0,,,
58557e,N_second.txt,3,3,0.0,0.5530629754066467,0.5530629754066467,0.0
58557e,C_second.txt,3,3,0.0,0.5318667888641357,0.5318667888641357,0.0
25304n,E_second.txt,0,0,0.0,,,
25304n,N_second.txt,2,2,0.0,0.5192499160766602,0.5192499160766602,0.0
25304n,C_second.txt,3,3,0.0,0.5952198505401611,0.5952198505401611,0.0
54383c,E_second.txt,0,0,0.0,,,
54383c,N_second.txt,1,1,0.0,,,
54383c,C_second.txt,2,2,0.0,0.6758830547332764,0.6758830547332764,0.0
133005n,E_second.txt,1,1,0.0,,,
133005n,N_second.txt,3,3,0.0,0.7528706192970276,0.7528706192970276,0.0
133005n,C_second.txt,3,3,0.0,0.5095109343528748,0.5095109343528748,0.0
17179n,E_second.txt,2,2,0.0,0.8284279704093933,0.8284279704093933,0.0
17179n,N_second.txt,2,2,0.0,0.7534204125404358,0.7534204125404358,0.0
17179n,C_second.txt,3,3,0.0,0.4764993190765381,0.4764993190765381,0.0
141110n,E_second.txt,10,10,0.0,0.5598720908164978,0.5598720908164978,0.0
141110n,N_second.txt,2,2,0.0,0.7641829252243042,0.7641829252243042,0.0
141110n,C_second.txt,3,3,0.0,0.5782572627067566,0.5782572627067566,0.0
27335e,E_second.txt,6,6,0.0,0.5137522220611572,0.5137522220611572,0.0
27335e,N_second.txt,3,3,0.0,0.5839001536369324,0.5839001536369324,0.0
27335e,C_second.txt,5,5,0.0,0.5600154399871826,0.5600154399871826,0.0
85428e,E_second.txt,3,3,0.0,0.5022305846214294,0.5022305846214294,0.0
85428e,N_second.txt,3,3,0.0,0.5400209426879883,0.5400209426879883,0.0
85428e,C_second.txt,2,2,0.0,0.5432671308517456,0.5432671308517456,0.0
11618c,E_second.txt,0,0,0.0,,,
11618c,N_second.txt,0,0,0.0,,,
11618c,C_second.txt,2,2,0.0,0.5777696371078491,0.5777696371078491,0.0
53211n,E_second.txt,3,3,0.0,0.49554693698883057,0.49554693698883057,0.0
53211n,N_second.txt,3,3,0.0,0.46680793166160583,0.46680793166160583,0.0
53211n,C_second.txt,3,3,0.0,0.4311091899871826,0.4311091899871826,0.0
144408n,E_second.txt,0,0,0.0,,,
144408n,N_second.txt,2,2,0.0,0.733433723449707,0.733433723449707,0.0
144408n,C_second.txt,2,2,0.0,0.67777419090271,0.67777419090271,0.0
112402c,E_second.txt,1,1,0.0,,,
112402c,N_second.txt,2,2,0.0,0.822655200958252,0.822655200958252,0.0
112402c,C_second.txt,2,2,0.0,0.6323553323745728,0.6323553323745728,0.0
31775c,E_second.txt,0,0,0.0,,,
31775c,N_second.txt,3,3,0.0,0.4955897331237793,0.4955897331237793,0.0
31775c,C_second.txt,3,3,0.0,0.7048340439796448,0.7048340439796448,0.0
56895c,E_second.txt,0,0,0.0,,,
56895c,N_second.txt,1,1,0.0,,,
56895c,C_second.txt,3,3,0.0,0.7135229706764221,0.7135229706764221,0.0
92062c,E_second.txt,1,1,0.0,,,
92062c,N_second.txt,2,2,0.0,0.828992486000061,0.828992486000061,0.0
92062c,C_second.txt,2,2,0.0,0.7537873983383179,0.7537873983383179,0.0
61429c,E_second.txt,1,1,0.0,,,
61429c,N_second.txt,4,3,0.25,0.3803800642490387,0.3190580904483795,0.06132197380065918
61429c,C_second.txt,6,6,0.0,0.3907046616077423,0.3907046616077423,0.0
27287c,E_second.txt,0,0,0.0,,,
27287c,N_second.txt,3,3,0.0,0.4755713939666748,0.4755713939666748,0.0
27287c,C_second.txt,3,3,0.0,0.409161776304245,0.409161776304245,0.0
110061n,E_second.txt,2,2,0.0,0.5365283489227295,0.5365283489227295,0.0
110061n,N_second.txt,2,2,0.0,0.5276068449020386,0.5276068449020386,0.0
110061n,C_second.txt,3,3,0.0,0.5132333636283875,0.5132333636283875,0.0
61216c,E_second.txt,3,3,0.0,0.6531968712806702,0.6531968712806702,0.0
61216c,N_second.txt,2,2,0.0,0.4076108932495117,0.4076108932495117,0.0
61216c,C_second.txt,2,2,0.0,0.573603630065918,0.573603630065918,0.0
63469c,E_second.txt,3,3,0.0,0.5694611072540283,0.5694611072540283,0.0
63469c,N_second.txt,3,3,0.0,0.48547062277793884,0.48547062277793884,0.0
63469c,C_second.txt,4,4,0.0,0.4851244390010834,0.4851244390010834,0.0
103354n,E_second.txt,4,4,0.0,0.3992782533168793,0.3992782533168793,0.0
103354n,N_second.txt,3,3,0.0,0.25617876648902893,0.25617876648902893,0.0
103354n,C_second.txt,2,2,0.0,0.5823550224304199,0.5823550224304199,0.0
28456n,E_second.txt,0,0,0.0,,,
28456n,N_second.txt,3,3,0.0,0.6061819791793823,0.6061819791793823,0.0
28456n,C_second.txt,3,3,0.0,0.4761466979980469,0.4761466979980469,0.0
138448c,E_second.txt,1,1,0.0,,,
138448c,N_second.txt,2,2,0.0,0.3733861446380615,0.3733861446380615,0.0
138448c,C_second.txt,2,2,0.0,0.7621157169342041,0.7621157169342041,0.0
59208n,E_second.txt,2,2,0.0,0.21446466445922852,0.21446466445922852,0.0
59208n,N_second.txt,2,2,0.0,0.6888973712921143,0.6888973712921143,0.0
59208n,C_second.txt,2,2,0.0,0.6798396110534668,0.6798396110534668,0.0
30894n,E_second.txt,2,2,0.0,0.25760483741760254,0.25760483741760254,0.0
30894n,N_second.txt,3,3,0.0,0.32935085892677307,0.32935085892677307,0.0
30894n,C_second.txt,5,5,0.0,0.35243409872055054,0.35243409872055054,0.0
82528c,E_second.txt,4,4,0.0,0.5825170874595642,0.5825170874595642,0.0
82528c,N_second.txt,4,4,0.0,0.49139603972435,0.49139603972435,0.0
82528c,C_second.txt,4,4,0.0,0.46545493602752686,0.46545493602752686,0.0
93955n,E_second.txt,4,4,0.0,0.5878883600234985,0.5878883600234985,0.0
93955n,N_second.txt,2,2,0.0,0.7516462802886963,0.7516462802886963,0.0
93955n,C_second.txt,3,3,0.0,0.5475384593009949,0.5475384593009949,0.0
14280n,E_second.txt,6,6,0.0,0.6803070306777954,0.6803070306777954,0.0
14280n,N_second.txt,5,5,0.0,0.5038545727729797,0.5038545727729797,0.0
14280n,C_second.txt,6,6,0.0,0.5687705278396606,0.5687705278396606,0.0
76020e,E_second.txt,1,1,0.0,,,
76020e,N_second.txt,1,1,0.0,,,
76020e,C_second.txt,2,2,0.0,0.8195472955703735,0.8195472955703735,0.0
142430c,E_second.txt,3,3,0.0,0.6021735072135925,0.6021735072135925,0.0
142430c,N_second.txt,3,3,0.0,0.613623857498169,0.613623857498169,0.0
142430c,C_second.txt,5,5,0.0,0.346196711063385,0.346196711063385,0.0
138862c,E_second.txt,2,2,0.0,0.6610691547393799,0.6610691547393799,0.0
138862c,N_second.txt,4,4,0.0,0.7352500557899475,0.7352500557899475,0.0
138862c,C_second.txt,3,3,0.0,0.44033750891685486,0.44033750891685486,0.0
13133n,E_second.txt,1,1,0.0,,,
13133n,N_second.txt,4,4,0.0,0.47122466564178467,0.47122466564178467,0.0
13133n,C_second.txt,3,3,0.0,0.5605629086494446,0.5605629086494446,0.0
69815n,E_second.txt,4,4,0.0,0.4753265082836151,0.4753265082836151,0.0
69815n,N_second.txt,2,2,0.0,0.6792194247245789,0.6792194247245789,0.0
69815n,C_second.txt,3,3,0.0,0.4552813470363617,0.4552813470363617,0.0
76219n,E_second.txt,3,3,0.0,0.39058634638786316,0.39058634638786316,0.0
76219n,N_second.txt,4,4,0.0,0.1926792860031128,0.1926792860031128,0.0
76219n,C_second.txt,3,3,0.0,0.5531393885612488,0.5531393885612488,0.0
110234e,E_second.txt,3,3,0.0,0.46646034717559814,0.46646034717559814,0.0
110234e,N_second.txt,3,3,0.0,0.29230204224586487,0.29230204224586487,0.0
110234e,C_second.txt,2,2,0.0,0.37723755836486816,0.37723755836486816,0.0
109679n,E_second.txt,3,3,0.0,0.4852420389652252,0.4852420389652252,0.0
109679n,N_second.txt,3,3,0.0,0.5207284688949585,0.5207284688949585,0.0
109679n,C_second.txt,3,3,0.0,0.7558178901672363,0.7558178901672363,0.0
28507n,E_second.txt,3,3,0.0,0.47599396109580994,0.47599396109580994,0.0
28507n,N_second.txt,3,3,0.0,0.63120037317276,0.63120037317276,0.0
28507n,C_second.txt,3,3,0.0,0.6716761589050293,0.6716761589050293,0.0
11297c,E_second.txt,1,1,0.0,,,
11297c,N_second.txt,3,3,0.0,0.4750525653362274,0.4750525653362274,0.0
11297c,C_second.txt,5,5,0.0,0.35115963220596313,0.35115963220596313,0.0
107252c,E_second.txt,1,1,0.0,,,
107252c,N_second.txt,3,3,0.0,0.5299350023269653,0.5299350023269653,0.0
107252c,C_second.txt,3,3,0.0,0.4844071865081787,0.4844071865081787,0.0
74768e,E_second.txt,3,3,0.0,0.5125263333320618,0.5125263333320618,0.0
74768e,N_second.txt,2,2,0.0,0.599408745765686,0.599408745765686,0.0
74768e,C_second.txt,2,2,0.0,0.5845086574554443,0.5845086574554443,0.0
13765c,E_second.txt,2,2,0.0,0.612653374671936,0.612653374671936,0.0
13765c,N_second.txt,2,2,0.0,0.6111259460449219,0.6111259460449219,0.0
13765c,C_second.txt,2,2,0.0,0.6854532957077026,0.6854532957077026,0.0
8545c,E_second.txt,0,0,0.0,,,
8545c,N_second.txt,1,1,0.0,,,
8545c,C_second.txt,2,2,0.0,0.7252293825149536,0.7252293825149536,0.0
38156n,E_second.txt,10,10,0.0,0.508530855178833,0.508530855178833,0.0
38156n,N_second.txt,6,6,0.0,0.45180779695510864,0.45180779695510864,0.0
38156n,C_second.txt,7,7,0.0,0.5811928510665894,0.5811928510665894,0.0
112349c,E_second.txt,2,2,0.0,0.6341999769210815,0.6341999769210815,0.0
112349c,N_second.txt,3,3,0.0,0.5662710070610046,0.5662710070610046,0.0
112349c,C_second.txt,3,3,0.0,0.552571713924408,0.552571713924408,0.0
117093n,E_second.txt,3,3,0.0,0.3871389925479889,0.3871389925479889,0.0
117093n,N_second.txt,2,2,0.0,0.4130566120147705,0.4130566120147705,0.0
117093n,C_second.txt,3,3,0.0,0.40697991847991943,0.40697991847991943,0.0
131261n,E_second.txt,4,4,0.0,0.372999906539917,0.372999906539917,0.0
131261n,N_second.txt,4,4,0.0,0.3541295528411865,0.3541295528411865,0.0
131261n,C_second.txt,3,3,0.0,0.4140225350856781,0.4140225350856781,0.0
145047e,E_second.txt,3,3,0.0,0.6700689792633057,0.6700689792633057,0.0
145047e,N_second.txt,2,2,0.0,0.5790404677391052,0.5790404677391052,0.0
145047e,C_second.txt,1,1,0.0,,,
107468n,E_second.txt,4,4,0.0,0.579151451587677,0.579151451587677,0.0
107468n,N_second.txt,3,3,0.0,0.6157035231590271,0.6157035231590271,0.0
107468n,C_second.txt,3,3,0.0,0.5673845410346985,0.5673845410346985,0.0
82830n,E_second.txt,1,1,0.0,,,
82830n,N_second.txt,2,2,0.0,0.7427434921264648,0.7427434921264648,0.0
82830n,C_second.txt,3,3,0.0,0.4148126542568207,0.4148126542568207,0.0
64123c,E_second.txt,1,1,0.0,,,
64123c,N_second.txt,1,1,0.0,,,
64123c,C_second.txt,2,2,0.0,0.6039552092552185,0.6039552092552185,0.0
102075c,E_second.txt,1,1,0.0,,,
102075c,N_second.txt,3,3,0.0,0.43508967757225037,0.43508967757225037,0.0
102075c,C_second.txt,3,3,0.0,0.5072450041770935,0.5072450041770935,0.0
74534n,E_second.txt,3,3,0.0,0.5871347784996033,0.5871347784996033,0.0
74534n,N_second.txt,2,2,0.0,0.3816371560096741,0.3816371560096741,0.0
74534n,C_second.txt,2,2,0.0,0.5026531219482422,0.5026531219482422,0.0
19208c,E_second.txt,3,3,0.0,0.5043404698371887,0.5043404698371887,0.0
19208c,N_second.txt,4,4,0.0,0.6256668567657471,0.6256668567657471,0.0
19208c,C_second.txt,4,4,0.0,0.7099325060844421,0.7099325060844421,0.0
52278e,E_second.txt,1,1,0.0,,,
52278e,N_second.txt,1,1,0.0,,,
52278e,C_second.txt,3,3,0.0,0.660224974155426,0.660224974155426,0.0
47408n,E_second.txt,5,5,0.0,0.5210381150245667,0.5210381150245667,0.0
47408n,N_second.txt,3,3,0.0,0.3836316168308258,0.3836316168308258,0.0
47408n,C_second.txt,4,4,0.0,0.3375509977340698,0.3375509977340698,0.0
10119e,E_second.txt,2,2,0.0,0.7240290641784668,0.7240290641784668,0.0
10119e,N_second.txt,1,1,0.0,,,
10119e,C_second.txt,1,1,0.0,,,
113193n,E_second.txt,4,4,0.0,0.38683566451072693,0.38683566451072693,0.0
113193n,N_second.txt,4,4,0.0,0.3206651210784912,0.3206651210784912,0.0
113193n,C_second.txt,4,4,0.0,0.5386238694190979,0.5386238694190979,0.0
34043c,E_second.txt,4,4,0.0,0.6847939491271973,0.6847939491271973,0.0
34043c,N_second.txt,3,3,0.0,0.6956070065498352,0.6956070065498352,0.0
34043c,C_second.txt,3,3,0.0,0.4048013687133789,0.4048013687133789,0.0
13760n,E_second.txt,7,7,0.0,0.5100383758544922,0.5100383758544922,0.0
13760n,N_second.txt,4,4,0.0,0.7428267598152161,0.7428267598152161,0.0
13760n,C_second.txt,4,4,0.0,0.6156809329986572,0.6156809329986572,0.0
47404e,E_second.txt,1,1,0.0,,,
47404e,N_second.txt,2,2,0.0,0.5458750128746033,0.5458750128746033,0.0
47404e,C_second.txt,1,1,0.0,,,
56124n,E_second.txt,1,1,0.0,,,
56124n,N_second.txt,3,3,0.0,0.4921671450138092,0.4921671450138092,0.0
56124n,C_second.txt,5,5,0.0,0.38390326499938965,0.38390326499938965,0.0
35809n,E_second.txt,5,5,0.0,0.44590330123901367,0.44590330123901367,0.0
35809n,N_second.txt,4,4,0.0,0.28993499279022217,0.28993499279022217,0.0
35809n,C_second.txt,3,3,0.0,0.4130014479160309,0.4130014479160309,0.0
128542e,E_second.txt,4,4,0.0,0.5309123396873474,0.5309123396873474,0.0
128542e,N_second.txt,2,2,0.0,0.5683376789093018,0.5683376789093018,0.0
128542e,C_second.txt,3,3,0.0,0.5804761052131653,0.5804761052131653,0.0
65353n,E_second.txt,3,3,0.0,0.5857436060905457,0.5857436060905457,0.0
65353n,N_second.txt,4,4,0.0,0.4523169696331024,0.4523169696331024,0.0
65353n,C_second.txt,3,3,0.0,0.3413517475128174,0.3413517475128174,0.0
30282n,E_second.txt,3,3,0.0,0.6697899699211121,0.6697899699211121,0.0
30282n,N_second.txt,3,3,0.0,0.38642385601997375,0.38642385601997375,0.0
30282n,C_second.txt,2,2,0.0,0.32116639614105225,0.32116639614105225,0.0
101245n,E_second.txt,3,3,0.0,0.6728940010070801,0.6728940010070801,0.0
101245n,N_second.txt,3,3,0.0,0.7575187683105469,0.7575187683105469,0.0
101245n,C_second.txt,3,3,0.0,0.46589890122413635,0.46589890122413635,0.0
22938e,E_second.txt,3,3,0.0,0.6428594589233398,0.6428594589233398,0.0
22938e,N_second.txt,3,3,0.0,0.522841215133667,0.522841215133667,0.0
22938e,C_second.txt,4,4,0.0,0.5054144859313965,0.5054144859313965,0.0
98710n,E_second.txt,3,3,0.0,0.7129012942314148,0.7129012942314148,0.0
98710n,N_second.txt,3,3,0.0,0.6770530343055725,0.6770530343055725,0.0
98710n,C_second.txt,3,3,0.0,0.7424543499946594,0.7424543499946594,0.0
